adm2,time,temperature_2m,relative_humidity_2m,cloud_cover,precipitation,wind_speed_10m,wind_direction_10m
33.01,2026-10-06 01:00:00,26.5,79,68,0.0,16.7,111
33.01,2026-10-06 02:00:00,27.1,78,88,0.0,18.5,122
33.01,2026-10-06 03:00:00,27.2,76,91,0.0,19.5,128
33.01,2026-10-06 04:00:00,27.2,74,82,0.0,20.2,129
33.01,2026-10-06 05:00:00,27.6,73,63,0.0,19.4,133
33.01,2026-10-06 06:00:00,28.3,76,95,0.0,19.0,143
33.01,2026-10-06 07:00:00,27.5,77,98,0.0,18.7,140
33.01,2026-10-06 08:00:00,27.2,78,97,0.0,18.3,135
33.01,2026-10-06 09:00:00,26.6,82,98,0.0,16.4,130
33.01,2026-10-06 10:00:00,26.0,88,69,0.0,15.0,129
33.01,2026-10-06 11:00:00,25.6,88,58,0.0,14.0,120
33.01,2026-10-06 12:00:00,25.7,86,83,0.0,15.5,112
33.01,2026-10-06 13:00:00,25.5,86,96,0.0,15.0,109
33.01,2026-10-06 14:00:00,25.3,88,95,0.0,14.2,108
33.01,2026-10-06 15:00:00,25.0,90,98,0.0,12.5,108
33.01,2026-10-06 16:00:00,24.8,91,99,0.0,11.6,106
33.01,2026-10-06 17:00:00,24.5,92,82,0.0,10.2,108
33.01,2026-10-06 18:00:00,24.3,93,92,0.0,9.2,113
33.01,2026-10-06 19:00:00,24.1,95,95,0.0,8.8,105
33.01,2026-10-06 20:00:00,23.9,96,98,0.0,8.9,103
33.01,2026-10-06 21:00:00,23.9,94,100,0.0,9.5,100
33.01,2026-10-06 22:00:00,23.9,94,100,0.0,10.0,107
33.01,2026-10-06 23:00:00,24.1,92,64,0.0,11.1,110
33.01,2026-10-07 00:00:00,25.7,85,96,0.0,14.2,105
33.01,2026-10-07 01:00:00,26.6,78,91,0.0,13.8,110
33.01,2026-10-07 02:00:00,27.6,74,48,0.0,15.1,122
33.01,2026-10-07 03:00:00,27.8,72,80,0.0,17.0,130
33.01,2026-10-07 04:00:00,27.8,71,98,0.0,17.3,132
33.01,2026-10-07 05:00:00,27.8,71,99,0.0,15.8,137
33.01,2026-10-07 06:00:00,28.5,70,100,0.0,17.3,145
33.01,2026-10-07 07:00:00,27.5,76,99,0.0,16.2,156
33.01,2026-10-07 08:00:00,26.9,78,100,0.0,16.3,155
33.01,2026-10-07 09:00:00,26.5,81,100,0.0,15.2,151
33.01,2026-10-07 10:00:00,25.8,85,95,0.0,13.4,143
33.01,2026-10-07 11:00:00,25.4,88,88,0.0,10.1,131
33.01,2026-10-07 12:00:00,26.0,84,70,0.0,12.5,137
33.01,2026-10-07 13:00:00,25.3,89,93,0.2,11.9,128
33.01,2026-10-07 14:00:00,24.9,92,100,0.2,11.1,113
33.01,2026-10-07 15:00:00,24.7,92,99,0.1,10.0,103
33.01,2026-10-07 16:00:00,24.6,91,88,0.1,10.1,101
33.01,2026-10-07 17:00:00,24.3,92,66,0.0,10.1,102
33.01,2026-10-07 18:00:00,24.4,90,32,0.0,9.2,102
33.01,2026-10-07 19:00:00,24.2,89,63,0.0,9.4,98
33.01,2026-10-07 20:00:00,24.1,89,98,0.0,9.3,100
33.01,2026-10-07 21:00:00,24.1,89,95,0.0,8.0,98
33.01,2026-10-07 22:00:00,24.0,89,98,0.0,7.8,99
33.01,2026-10-07 23:00:00,24.4,87,96,0.0,10.3,113
33.01,2026-10-08 00:00:00,25.3,83,98,0.0,11.1,117
33.02,2026-10-06 01:00:00,26.7,66,91,0.0,6.2,100
33.02,2026-10-06 02:00:00,28.0,65,88,0.0,6.9,104
33.02,2026-10-06 03:00:00,29.5,61,66,0.0,5.2,96
33.02,2026-10-06 04:00:00,30.9,55,71,0.0,3.8,115
33.02,2026-10-06 05:00:00,32.0,51,88,0.0,6.3,183
33.02,2026-10-06 06:00:00,32.0,51,98,0.0,12.6,169
33.02,2026-10-06 07:00:00,30.0,62,100,0.2,12.1,173
33.02,2026-10-06 08:00:00,29.5,63,100,0.1,11.4,175
33.02,2026-10-06 09:00:00,28.2,68,99,0.0,10.9,173
33.02,2026-10-06 10:00:00,27.1,73,98,0.0,6.8,163
33.02,2026-10-06 11:00:00,26.4,77,99,0.0,5.1,113
33.02,2026-10-06 12:00:00,26.2,80,99,0.1,6.3,87
33.02,2026-10-06 13:00:00,25.5,83,98,0.0,5.8,97
33.02,2026-10-06 14:00:00,25.3,82,98,0.0,4.4,97
33.02,2026-10-06 15:00:00,25.0,84,99,0.0,2.2,95
33.02,2026-10-06 16:00:00,24.8,84,98,0.0,2.4,81
33.02,2026-10-06 17:00:00,24.5,87,73,0.0,1.5,120
33.02,2026-10-06 18:00:00,24.2,86,92,0.0,1.8,66
33.02,2026-10-06 19:00:00,23.6,90,94,0.0,2.2,125
33.02,2026-10-06 20:00:00,23.5,92,100,0.0,0.9,79
33.02,2026-10-06 21:00:00,23.5,90,100,0.0,0.4,90
33.02,2026-10-06 22:00:00,23.3,91,97,0.0,1.2,117
33.02,2026-10-06 23:00:00,23.5,90,94,0.0,2.4,107
33.02,2026-10-07 00:00:00,25.2,77,92,0.0,5.5,63
33.02,2026-10-07 01:00:00,26.5,74,88,0.0,6.2,80
33.02,2026-10-07 02:00:00,27.8,69,76,0.0,5.7,99
33.02,2026-10-07 03:00:00,29.4,62,100,0.0,6.0,115
33.02,2026-10-07 04:00:00,30.4,56,99,0.0,6.3,125
33.02,2026-10-07 05:00:00,31.1,51,98,0.0,7.7,164
33.02,2026-10-07 06:00:00,31.7,48,99,0.0,8.4,161
33.02,2026-10-07 07:00:00,30.4,53,100,0.0,12.5,186
33.02,2026-10-07 08:00:00,29.1,58,100,0.0,12.8,191
33.02,2026-10-07 09:00:00,27.8,62,99,0.0,9.5,195
33.02,2026-10-07 10:00:00,27.1,66,100,0.0,7.6,187
33.02,2026-10-07 11:00:00,26.2,71,100,0.0,4.9,182
33.02,2026-10-07 12:00:00,25.9,78,97,0.0,2.5,150
33.02,2026-10-07 13:00:00,25.0,85,100,0.1,2.6,124
33.02,2026-10-07 14:00:00,24.8,86,99,0.1,2.6,78
33.02,2026-10-07 15:00:00,24.7,86,93,0.1,2.5,60
33.02,2026-10-07 16:00:00,24.3,88,86,0.1,2.7,70
33.02,2026-10-07 17:00:00,24.1,89,97,0.1,3.4,72
33.02,2026-10-07 18:00:00,24.3,86,49,0.0,3.6,84
33.02,2026-10-07 19:00:00,23.9,88,94,0.0,3.5,81
33.02,2026-10-07 20:00:00,23.8,87,98,0.0,2.7,82
33.02,2026-10-07 21:00:00,23.7,87,91,0.0,3.6,70
33.02,2026-10-07 22:00:00,23.7,85,97,0.0,4.2,59
33.02,2026-10-07 23:00:00,23.9,83,98,0.0,4.2,50
33.02,2026-10-08 00:00:00,24.9,76,97,0.0,4.2,70
33.03,2026-10-06 01:00:00,27.9,69,89,0.0,2.7,70
33.03,2026-10-06 02:00:00,29.7,60,88,0.0,3.1,77
33.03,2026-10-06 03:00:00,30.7,57,41,0.0,2.3,4
33.03,2026-10-06 04:00:00,32.2,53,78,0.0,4.9,352
33.03,2026-10-06 05:00:00,33.9,47,81,0.0,1.2,309
33.03,2026-10-06 06:00:00,33.8,49,98,0.0,10.9,171
33.03,2026-10-06 07:00:00,31.9,57,99,0.4,10.9,171
33.03,2026-10-06 08:00:00,32.0,55,99,0.1,8.8,165
33.03,2026-10-06 09:00:00,30.7,59,98,0.0,10.1,149
33.03,2026-10-06 10:00:00,29.0,64,100,0.0,8.4,132
33.03,2026-10-06 11:00:00,28.0,68,100,0.0,6.8,112
33.03,2026-10-06 12:00:00,27.3,75,91,0.0,2.3,119
33.03,2026-10-06 13:00:00,26.7,80,98,0.0,0.4,360
33.03,2026-10-06 14:00:00,26.4,81,97,0.0,1.7,302
33.03,2026-10-06 15:00:00,26.0,83,99,0.0,1.9,299
33.03,2026-10-06 16:00:00,26.0,83,98,0.0,1.9,311
33.03,2026-10-06 17:00:00,25.6,84,85,0.0,0.7,360
33.03,2026-10-06 18:00:00,25.4,85,98,0.0,0.5,180
33.03,2026-10-06 19:00:00,24.8,88,99,0.1,0.2,360
33.03,2026-10-06 20:00:00,24.4,91,100,0.0,0.4,27
33.03,2026-10-06 21:00:00,24.5,91,100,0.0,0.5,45
33.03,2026-10-06 22:00:00,24.6,92,97,0.0,0.5,90
33.03,2026-10-06 23:00:00,25.0,88,98,0.0,1.6,84
33.03,2026-10-07 00:00:00,26.0,83,85,0.0,1.2,51
33.03,2026-10-07 01:00:00,27.5,77,58,0.3,1.9,56
33.03,2026-10-07 02:00:00,29.4,65,97,0.1,1.1,72
33.03,2026-10-07 03:00:00,31.0,57,100,0.0,1.7,139
33.03,2026-10-07 04:00:00,32.0,51,99,0.0,1.8,127
33.03,2026-10-07 05:00:00,33.3,47,99,0.0,5.0,154
33.03,2026-10-07 06:00:00,33.5,44,99,0.2,7.1,150
33.03,2026-10-07 07:00:00,32.7,48,100,0.0,10.1,161
33.03,2026-10-07 08:00:00,32.0,51,100,0.0,9.2,182
33.03,2026-10-07 09:00:00,30.8,55,100,0.0,7.9,197
33.03,2026-10-07 10:00:00,29.4,60,94,0.0,7.6,175
33.03,2026-10-07 11:00:00,28.0,65,75,0.0,6.4,148
33.03,2026-10-07 12:00:00,27.2,77,97,0.0,2.3,151
33.03,2026-10-07 13:00:00,26.5,81,98,0.0,1.5,45
33.03,2026-10-07 14:00:00,25.9,85,99,0.0,1.5,14
33.03,2026-10-07 15:00:00,25.3,90,91,0.0,1.4,360
33.03,2026-10-07 16:00:00,25.2,91,92,0.1,1.5,7
33.03,2026-10-07 17:00:00,25.1,89,97,0.1,1.7,13
33.03,2026-10-07 18:00:00,25.3,89,100,0.0,2.5,21
33.03,2026-10-07 19:00:00,25.1,89,100,0.1,2.8,18
33.03,2026-10-07 20:00:00,24.8,91,100,0.1,2.2,14
33.03,2026-10-07 21:00:00,24.8,91,99,0.0,2.6,34
33.03,2026-10-07 22:00:00,24.5,92,98,0.0,2.8,27
33.03,2026-10-07 23:00:00,25.0,89,97,0.0,2.2,5
33.03,2026-10-08 00:00:00,25.9,79,97,0.0,3.8,8
33.04,2026-10-06 01:00:00,24.8,82,66,0.0,3.0,163
33.04,2026-10-06 02:00:00,27.0,67,32,0.0,2.7,160
33.04,2026-10-06 03:00:00,29.2,57,31,0.0,3.2,177
33.04,2026-10-06 04:00:00,31.1,50,75,0.0,5.3,172
33.04,2026-10-06 05:00:00,31.7,47,54,0.1,8.7,185
33.04,2026-10-06 06:00:00,31.6,49,95,0.2,11.5,194
33.04,2026-10-06 07:00:00,28.7,65,98,0.6,14.1,194
33.04,2026-10-06 08:00:00,27.4,73,96,0.7,12.1,190
33.04,2026-10-06 09:00:00,26.1,81,95,0.7,12.4,178
33.04,2026-10-06 10:00:00,25.1,84,100,0.3,10.4,165
33.04,2026-10-06 11:00:00,24.4,86,100,0.1,7.5,156
33.04,2026-10-06 12:00:00,24.6,85,100,0.0,5.1,135
33.04,2026-10-06 13:00:00,24.3,86,99,0.0,3.3,167
33.04,2026-10-06 14:00:00,23.8,90,96,0.0,2.2,189
33.04,2026-10-06 15:00:00,23.5,93,100,0.0,1.5,240
33.04,2026-10-06 16:00:00,23.3,93,95,0.0,1.9,248
33.04,2026-10-06 17:00:00,23.2,94,97,0.1,1.4,220
33.04,2026-10-06 18:00:00,22.9,94,98,0.1,3.7,194
33.04,2026-10-06 19:00:00,22.6,97,100,0.1,3.2,180
33.04,2026-10-06 20:00:00,22.3,98,100,0.1,2.6,155
33.04,2026-10-06 21:00:00,22.2,97,99,0.0,3.5,125
33.04,2026-10-06 22:00:00,22.1,96,98,0.0,3.9,127
33.04,2026-10-06 23:00:00,22.1,96,98,0.0,3.4,115
33.04,2026-10-07 00:00:00,23.4,89,99,0.0,3.9,118
33.04,2026-10-07 01:00:00,25.4,76,99,0.0,2.0,117
33.04,2026-10-07 02:00:00,27.7,63,100,0.0,2.5,188
33.04,2026-10-07 03:00:00,28.6,57,99,0.0,2.1,195
33.04,2026-10-07 04:00:00,30.7,49,99,0.0,6.1,203
33.04,2026-10-07 05:00:00,31.6,45,100,0.1,7.3,210
33.04,2026-10-07 06:00:00,31.8,44,100,0.2,9.7,195
33.04,2026-10-07 07:00:00,29.3,58,97,0.4,12.1,207
33.04,2026-10-07 08:00:00,28.4,63,96,0.4,11.3,198
33.04,2026-10-07 09:00:00,27.0,69,78,0.3,12.8,189
33.04,2026-10-07 10:00:00,26.0,71,100,0.0,10.1,176
33.04,2026-10-07 11:00:00,25.2,75,100,0.0,6.9,160
33.04,2026-10-07 12:00:00,24.4,84,99,0.0,7.1,142
33.04,2026-10-07 13:00:00,24.0,84,100,0.0,5.4,111
33.04,2026-10-07 14:00:00,23.2,89,100,0.0,2.9,86
33.04,2026-10-07 15:00:00,22.8,93,100,0.0,2.3,72
33.04,2026-10-07 16:00:00,22.8,94,94,0.0,1.4,67
33.04,2026-10-07 17:00:00,22.6,97,77,0.0,0.9,79
33.04,2026-10-07 18:00:00,22.1,96,100,0.0,2.4,81
33.04,2026-10-07 19:00:00,22.0,97,99,0.0,1.7,72
33.04,2026-10-07 20:00:00,22.0,97,98,0.0,1.9,61
33.04,2026-10-07 21:00:00,21.9,97,97,0.0,3.2,56
33.04,2026-10-07 22:00:00,21.7,98,94,0.0,2.6,56
33.04,2026-10-07 23:00:00,21.9,98,94,0.0,2.5,90
33.04,2026-10-08 00:00:00,23.5,88,99,0.0,0.8,225
33.05,2026-10-06 01:00:00,28.2,69,93,0.0,13.4,130
33.05,2026-10-06 02:00:00,29.3,63,74,0.0,12.9,137
33.05,2026-10-06 03:00:00,30.7,58,63,0.0,12.2,153
33.05,2026-10-06 04:00:00,30.5,62,95,0.0,14.7,169
33.05,2026-10-06 05:00:00,29.8,65,52,0.0,16.7,166
33.05,2026-10-06 06:00:00,30.3,65,90,0.0,19.0,158
33.05,2026-10-06 07:00:00,29.8,65,92,0.0,19.6,154
33.05,2026-10-06 08:00:00,29.3,66,96,0.0,18.9,150
33.05,2026-10-06 09:00:00,28.2,71,97,0.0,17.2,145
33.05,2026-10-06 10:00:00,27.0,77,89,0.0,16.5,135
33.05,2026-10-06 11:00:00,26.0,83,63,0.0,11.6,126
33.05,2026-10-06 12:00:00,26.2,83,73,0.0,10.4,134
33.05,2026-10-06 13:00:00,26.1,83,61,0.0,9.3,137
33.05,2026-10-06 14:00:00,25.8,84,70,0.0,9.3,143
33.05,2026-10-06 15:00:00,25.5,85,68,0.0,9.2,133
33.05,2026-10-06 16:00:00,25.2,87,82,0.0,7.3,126
33.05,2026-10-06 17:00:00,25.1,87,89,0.0,7.3,120
33.05,2026-10-06 18:00:00,24.9,87,95,0.0,7.6,135
33.05,2026-10-06 19:00:00,24.4,89,100,0.0,6.3,121
33.05,2026-10-06 20:00:00,24.1,91,100,0.0,5.6,115
33.05,2026-10-06 21:00:00,24.0,91,99,0.0,4.5,95
33.05,2026-10-06 22:00:00,24.0,91,95,0.0,4.3,107
33.05,2026-10-06 23:00:00,24.4,89,70,0.0,6.8,122
33.05,2026-10-07 00:00:00,26.5,78,83,0.0,10.7,110
33.05,2026-10-07 01:00:00,28.4,67,99,0.0,12.3,119
33.05,2026-10-07 02:00:00,29.7,60,98,0.0,13.6,130
33.05,2026-10-07 03:00:00,30.2,59,98,0.1,13.8,145
33.05,2026-10-07 04:00:00,30.7,58,100,0.2,15.0,145
33.05,2026-10-07 05:00:00,31.1,56,100,0.0,17.4,152
33.05,2026-10-07 06:00:00,31.3,52,100,0.0,18.3,151
33.05,2026-10-07 07:00:00,30.2,58,92,0.0,18.5,159
33.05,2026-10-07 08:00:00,29.4,63,64,0.0,16.2,159
33.05,2026-10-07 09:00:00,28.4,66,73,0.0,14.9,153
33.05,2026-10-07 10:00:00,27.0,74,95,0.0,12.7,144
33.05,2026-10-07 11:00:00,26.4,78,89,0.0,11.1,132
33.05,2026-10-07 12:00:00,26.2,80,98,0.0,10.6,141
33.05,2026-10-07 13:00:00,25.5,86,100,0.3,7.9,120
33.05,2026-10-07 14:00:00,25.6,84,99,0.1,7.6,108
33.05,2026-10-07 15:00:00,25.3,84,98,0.1,6.8,90
33.05,2026-10-07 16:00:00,25.2,84,92,0.0,6.5,96
33.05,2026-10-07 17:00:00,25.1,83,81,0.0,6.8,108
33.05,2026-10-07 18:00:00,25.0,85,88,0.0,4.4,109
33.05,2026-10-07 19:00:00,24.6,87,99,0.1,2.2,90
33.05,2026-10-07 20:00:00,24.2,89,93,0.0,1.0,135
33.05,2026-10-07 21:00:00,24.1,89,97,0.0,2.4,138
33.05,2026-10-07 22:00:00,23.7,91,95,0.0,3.1,126
33.05,2026-10-07 23:00:00,24.0,90,91,0.0,5.2,119
33.05,2026-10-08 00:00:00,25.8,80,92,0.0,6.3,117
33.06,2026-10-06 01:00:00,27.7,69,63,0.0,1.3,146
33.06,2026-10-06 02:00:00,29.8,59,38,0.0,3.2,207
33.06,2026-10-06 03:00:00,31.3,54,55,0.0,7.1,207
33.06,2026-10-06 04:00:00,30.9,61,66,0.3,11.4,204
33.06,2026-10-06 05:00:00,30.1,65,69,0.8,13.1,199
33.06,2026-10-06 06:00:00,30.6,61,91,0.1,14.6,181
33.06,2026-10-06 07:00:00,30.4,61,98,0.0,14.2,178
33.06,2026-10-06 08:00:00,29.6,64,98,0.0,14.6,171
33.06,2026-10-06 09:00:00,28.3,67,91,0.0,13.2,169
33.06,2026-10-06 10:00:00,26.9,75,93,0.0,11.5,166
33.06,2026-10-06 11:00:00,25.8,81,77,0.0,6.8,183
33.06,2026-10-06 12:00:00,25.6,84,42,0.0,3.4,205
33.06,2026-10-06 13:00:00,25.2,87,69,0.0,3.6,270
33.06,2026-10-06 14:00:00,24.7,90,50,0.0,3.7,284
33.06,2026-10-06 15:00:00,24.2,93,95,0.0,2.3,293
33.06,2026-10-06 16:00:00,23.6,96,88,0.0,1.7,311
33.06,2026-10-06 17:00:00,23.3,98,92,0.0,1.3,344
33.06,2026-10-06 18:00:00,23.2,98,98,0.0,0.0,270
33.06,2026-10-06 19:00:00,22.8,99,100,0.0,0.3,315
33.06,2026-10-06 20:00:00,22.8,99,100,0.0,1.4,360
33.06,2026-10-06 21:00:00,22.6,99,100,0.0,2.9,349
33.06,2026-10-06 22:00:00,22.5,99,100,0.1,2.7,340
33.06,2026-10-06 23:00:00,23.3,94,100,0.1,3.2,322
33.06,2026-10-07 00:00:00,25.1,84,100,0.1,2.9,30
33.06,2026-10-07 01:00:00,27.4,71,100,0.0,3.3,68
33.06,2026-10-07 02:00:00,29.2,61,100,0.0,3.8,163
33.06,2026-10-07 03:00:00,29.4,62,100,0.3,6.6,197
33.06,2026-10-07 04:00:00,30.4,57,100,0.6,6.9,200
33.06,2026-10-07 05:00:00,30.8,58,99,0.5,10.0,186
33.06,2026-10-07 06:00:00,31.3,54,89,0.3,13.3,183
33.06,2026-10-07 07:00:00,30.7,54,69,0.0,14.6,181
33.06,2026-10-07 08:00:00,29.8,56,95,0.0,14.5,174
33.06,2026-10-07 09:00:00,28.3,63,27,0.0,13.2,170
33.06,2026-10-07 10:00:00,26.8,71,59,0.0,9.4,167
33.06,2026-10-07 11:00:00,25.7,79,74,0.0,5.7,191
33.06,2026-10-07 12:00:00,25.5,85,100,0.0,5.5,161
33.06,2026-10-07 13:00:00,25.3,85,99,0.0,4.4,148
33.06,2026-10-07 14:00:00,25.1,85,96,0.0,2.0,100
33.06,2026-10-07 15:00:00,24.9,87,88,0.1,0.4,270
33.06,2026-10-07 16:00:00,24.2,93,98,0.1,1.3,344
33.06,2026-10-07 17:00:00,23.6,99,96,0.0,1.9,338
33.06,2026-10-07 18:00:00,23.5,98,97,0.0,2.2,336
33.06,2026-10-07 19:00:00,23.2,100,100,0.1,3.4,344
33.06,2026-10-07 20:00:00,23.0,100,100,0.0,3.8,343
33.06,2026-10-07 21:00:00,22.5,100,100,0.0,2.1,15
33.06,2026-10-07 22:00:00,22.3,100,100,0.0,1.3,45
33.06,2026-10-07 23:00:00,22.6,99,99,0.0,2.5,45
33.06,2026-10-08 00:00:00,25.2,84,76,0.0,0.2,360
33.07,2026-10-06 01:00:00,22.8,82,31,0.0,2.2,222
33.07,2026-10-06 02:00:00,24.5,73,25,0.0,6.2,218
33.07,2026-10-06 03:00:00,26.0,68,72,0.1,7.6,208
33.07,2026-10-06 04:00:00,26.5,67,59,0.4,9.2,208
33.07,2026-10-06 05:00:00,27.4,63,77,0.3,7.5,207
33.07,2026-10-06 06:00:00,27.4,61,94,0.2,10.7,192
33.07,2026-10-06 07:00:00,25.7,70,98,0.2,8.7,193
33.07,2026-10-06 08:00:00,25.0,74,99,0.2,9.6,196
33.07,2026-10-06 09:00:00,23.1,88,99,0.5,9.6,194
33.07,2026-10-06 10:00:00,21.5,95,100,0.2,7.6,188
33.07,2026-10-06 11:00:00,20.6,99,100,0.1,4.9,174
33.07,2026-10-06 12:00:00,20.6,99,100,0.0,3.7,191
33.07,2026-10-06 13:00:00,20.6,99,100,0.1,1.0,202
33.07,2026-10-06 14:00:00,20.7,99,100,0.2,0.8,153
33.07,2026-10-06 15:00:00,20.5,100,100,0.3,1.3,146
33.07,2026-10-06 16:00:00,20.3,100,100,0.1,1.5,83
33.07,2026-10-06 17:00:00,20.3,99,94,0.0,1.7,131
33.07,2026-10-06 18:00:00,19.7,99,100,0.0,2.3,108
33.07,2026-10-06 19:00:00,19.1,99,100,0.0,1.8,84
33.07,2026-10-06 20:00:00,19.1,99,100,0.0,1.8,84
33.07,2026-10-06 21:00:00,18.9,99,99,0.0,1.0,59
33.07,2026-10-06 22:00:00,18.5,99,95,0.0,0.8,45
33.07,2026-10-06 23:00:00,18.7,99,91,0.0,1.3,45
33.07,2026-10-07 00:00:00,20.9,90,99,0.0,2.3,157
33.07,2026-10-07 01:00:00,22.3,85,100,0.0,4.6,206
33.07,2026-10-07 02:00:00,24.0,75,100,0.0,6.2,213
33.07,2026-10-07 03:00:00,24.6,71,99,0.0,10.8,218
33.07,2026-10-07 04:00:00,24.5,72,100,0.1,9.6,200
33.07,2026-10-07 05:00:00,25.8,66,100,0.1,7.5,201
33.07,2026-10-07 06:00:00,26.1,64,98,0.1,9.2,196
33.07,2026-10-07 07:00:00,25.9,64,91,0.1,8.1,193
33.07,2026-10-07 08:00:00,24.8,70,94,0.3,9.8,197
33.07,2026-10-07 09:00:00,22.3,85,100,0.4,9.1,195
33.07,2026-10-07 10:00:00,21.1,91,73,0.2,5.2,176
33.07,2026-10-07 11:00:00,20.6,93,100,0.0,4.7,173
33.07,2026-10-07 12:00:00,20.3,100,100,0.0,5.9,191
33.07,2026-10-07 13:00:00,20.1,100,100,0.9,4.9,208
33.07,2026-10-07 14:00:00,20.1,100,100,0.7,4.1,209
33.07,2026-10-07 15:00:00,20.0,100,100,0.3,3.6,207
33.07,2026-10-07 16:00:00,19.8,100,100,0.1,2.8,191
33.07,2026-10-07 17:00:00,19.7,100,100,0.1,3.7,191
33.07,2026-10-07 18:00:00,19.3,100,100,0.1,3.8,205
33.07,2026-10-07 19:00:00,19.1,100,100,0.2,3.1,187
33.07,2026-10-07 20:00:00,19.0,100,100,0.1,2.6,164
33.07,2026-10-07 21:00:00,19.0,100,100,0.0,2.0,175
33.07,2026-10-07 22:00:00,18.8,100,97,0.0,1.5,120
33.07,2026-10-07 23:00:00,19.3,99,99,0.0,2.3,119
33.07,2026-10-08 00:00:00,20.3,94,99,0.0,2.2,156
33.08,2026-10-06 01:00:00,25.9,72,32,0.0,3.8,239
33.08,2026-10-06 02:00:00,27.7,65,35,0.0,6.8,222
33.08,2026-10-06 03:00:00,29.3,58,25,0.0,8.0,211
33.08,2026-10-06 04:00:00,30.1,53,30,0.0,9.0,193
33.08,2026-10-06 05:00:00,31.3,48,63,0.0,8.6,164
33.08,2026-10-06 06:00:00,32.9,43,96,0.0,8.0,162
33.08,2026-10-06 07:00:00,32.3,45,99,0.2,11.1,188
33.08,2026-10-06 08:00:00,29.8,59,99,0.2,15.7,184
33.08,2026-10-06 09:00:00,28.6,62,98,0.0,13.3,170
33.08,2026-10-06 10:00:00,27.1,67,96,0.0,14.6,180
33.08,2026-10-06 11:00:00,25.8,74,83,0.0,12.6,184
33.08,2026-10-06 12:00:00,25.2,80,48,0.0,8.5,184
33.08,2026-10-06 13:00:00,24.5,84,68,0.0,6.4,209
33.08,2026-10-06 14:00:00,23.4,90,36,0.0,3.6,217
33.08,2026-10-06 15:00:00,23.0,92,67,0.0,3.0,237
33.08,2026-10-06 16:00:00,22.5,95,94,0.0,1.9,229
33.08,2026-10-06 17:00:00,22.2,97,96,0.0,1.5,234
33.08,2026-10-06 18:00:00,21.0,99,100,0.0,2.0,27
33.08,2026-10-06 19:00:00,20.6,100,100,0.0,1.2,63
33.08,2026-10-06 20:00:00,20.5,98,100,0.0,1.0,45
33.08,2026-10-06 21:00:00,20.2,98,100,0.0,0.3,45
33.08,2026-10-06 22:00:00,19.7,99,95,0.0,0.5,45
33.08,2026-10-06 23:00:00,20.4,96,98,0.0,0.6,56
33.08,2026-10-07 00:00:00,23.5,80,99,0.0,1.6,186
33.08,2026-10-07 01:00:00,25.5,72,100,0.0,5.8,194
33.08,2026-10-07 02:00:00,27.1,65,100,0.0,7.7,198
33.08,2026-10-07 03:00:00,28.4,60,100,0.0,8.7,197
33.08,2026-10-07 04:00:00,29.5,56,99,0.0,8.9,194
33.08,2026-10-07 05:00:00,30.7,51,93,0.0,8.1,174
33.08,2026-10-07 06:00:00,31.4,47,46,0.2,6.1,180
33.08,2026-10-07 07:00:00,31.6,46,90,0.0,5.2,174
33.08,2026-10-07 08:00:00,30.4,50,88,0.0,10.2,188
33.08,2026-10-07 09:00:00,29.1,56,91,0.0,13.6,185
33.08,2026-10-07 10:00:00,27.3,61,48,0.0,12.4,189
33.08,2026-10-07 11:00:00,25.6,69,96,0.0,7.7,201
33.08,2026-10-07 12:00:00,25.2,77,100,0.0,7.9,193
33.08,2026-10-07 13:00:00,24.5,81,97,0.0,7.1,190
33.08,2026-10-07 14:00:00,23.7,86,94,0.0,4.8,205
33.08,2026-10-07 15:00:00,23.1,90,100,0.0,4.7,198
33.08,2026-10-07 16:00:00,22.5,94,99,0.0,4.2,200
33.08,2026-10-07 17:00:00,22.7,93,100,0.1,4.5,209
33.08,2026-10-07 18:00:00,22.9,89,99,0.0,4.8,211
33.08,2026-10-07 19:00:00,22.7,90,98,0.1,4.9,208
33.08,2026-10-07 20:00:00,22.6,91,96,0.0,2.8,220
33.08,2026-10-07 21:00:00,22.3,94,96,0.0,3.0,218
33.08,2026-10-07 22:00:00,22.4,94,98,0.0,3.7,209
33.08,2026-10-07 23:00:00,22.7,92,98,0.0,4.3,213
33.08,2026-10-08 00:00:00,23.5,86,69,0.0,4.9,180
33.09,2026-10-06 01:00:00,26.8,56,73,0.0,7.1,171
33.09,2026-10-06 02:00:00,28.2,53,26,0.0,8.4,161
33.09,2026-10-06 03:00:00,29.6,49,26,0.0,8.2,151
33.09,2026-10-06 04:00:00,30.7,46,30,0.0,6.9,139
33.09,2026-10-06 05:00:00,31.5,41,63,0.0,5.5,122
33.09,2026-10-06 06:00:00,32.5,38,98,0.0,6.7,90
33.09,2026-10-06 07:00:00,32.3,38,99,0.0,5.8,120
33.09,2026-10-06 08:00:00,32.4,37,99,0.0,4.7,88
33.09,2026-10-06 09:00:00,31.3,41,100,0.0,15.0,151
33.09,2026-10-06 10:00:00,27.0,67,98,0.0,22.9,193
33.09,2026-10-06 11:00:00,26.1,71,89,0.0,18.4,207
33.09,2026-10-06 12:00:00,25.5,76,67,0.0,11.9,205
33.09,2026-10-06 13:00:00,25.1,75,28,0.0,14.0,209
33.09,2026-10-06 14:00:00,25.0,71,53,0.0,12.3,214
33.09,2026-10-06 15:00:00,24.8,69,100,0.0,15.3,214
33.09,2026-10-06 16:00:00,24.5,71,93,0.0,12.1,217
33.09,2026-10-06 17:00:00,23.9,75,98,0.0,10.3,209
33.09,2026-10-06 18:00:00,23.0,79,99,0.0,7.0,209
33.09,2026-10-06 19:00:00,22.5,80,100,0.0,9.6,213
33.09,2026-10-06 20:00:00,22.3,80,99,0.0,10.4,219
33.09,2026-10-06 21:00:00,22.0,82,93,0.0,9.3,220
33.09,2026-10-06 22:00:00,21.8,83,100,0.0,9.9,218
33.09,2026-10-06 23:00:00,22.5,80,95,0.0,12.1,217
33.09,2026-10-07 00:00:00,24.6,71,99,0.0,11.0,195
33.09,2026-10-07 01:00:00,25.9,67,99,0.0,13.5,189
33.09,2026-10-07 02:00:00,27.6,61,98,0.0,15.4,185
33.09,2026-10-07 03:00:00,29.0,56,99,0.0,15.5,177
33.09,2026-10-07 04:00:00,30.2,51,88,0.0,14.3,169
33.09,2026-10-07 05:00:00,30.5,50,38,0.1,13.0,166
33.09,2026-10-07 06:00:00,31.3,46,59,0.1,7.3,147
33.09,2026-10-07 07:00:00,31.1,45,94,0.0,6.0,153
33.09,2026-10-07 08:00:00,31.4,42,68,0.1,3.1,159
33.09,2026-10-07 09:00:00,29.8,48,86,0.0,12.9,199
33.09,2026-10-07 10:00:00,26.2,66,91,0.2,20.1,203
33.09,2026-10-07 11:00:00,25.5,65,78,0.0,16.7,204
33.09,2026-10-07 12:00:00,24.6,76,91,0.0,12.9,208
33.09,2026-10-07 13:00:00,24.1,77,91,0.0,14.4,213
33.09,2026-10-07 14:00:00,23.8,74,99,0.0,15.3,221
33.09,2026-10-07 15:00:00,23.5,74,100,0.0,16.1,214
33.09,2026-10-07 16:00:00,23.1,78,100,0.0,16.8,210
33.09,2026-10-07 17:00:00,22.8,80,99,0.0,16.1,212
33.09,2026-10-07 18:00:00,22.6,80,100,0.0,14.8,214
33.09,2026-10-07 19:00:00,22.4,80,97,0.0,14.1,211
33.09,2026-10-07 20:00:00,22.3,79,95,0.0,13.8,216
33.09,2026-10-07 21:00:00,22.3,79,82,0.0,15.3,212
33.09,2026-10-07 22:00:00,22.2,80,80,0.0,16.0,211
33.09,2026-10-07 23:00:00,22.8,78,56,0.0,16.9,211
33.09,2026-10-08 00:00:00,24.3,72,76,0.0,17.4,204
33.10,2026-10-06 01:00:00,28.1,65,84,0.0,8.2,237
33.10,2026-10-06 02:00:00,30.3,53,82,0.0,7.6,223
33.10,2026-10-06 03:00:00,32.6,41,34,0.0,6.2,202
33.10,2026-10-06 04:00:00,34.3,35,27,0.0,3.6,174
33.10,2026-10-06 05:00:00,35.7,31,45,0.0,2.5,94
33.10,2026-10-06 06:00:00,36.4,31,96,0.0,6.0,51
33.10,2026-10-06 07:00:00,37.3,28,99,0.0,4.4,58
33.10,2026-10-06 08:00:00,34.9,35,100,0.0,15.3,171
33.10,2026-10-06 09:00:00,31.3,55,98,0.1,17.2,191
33.10,2026-10-06 10:00:00,29.8,60,92,0.0,14.3,199
33.10,2026-10-06 11:00:00,28.1,67,56,0.0,12.8,219
33.10,2026-10-06 12:00:00,27.8,70,45,0.0,13.2,242
33.10,2026-10-06 13:00:00,26.3,76,11,0.0,16.1,260
33.10,2026-10-06 14:00:00,25.7,79,16,0.0,16.4,255
33.10,2026-10-06 15:00:00,25.5,80,96,0.0,15.5,257
33.10,2026-10-06 16:00:00,25.4,80,96,0.0,14.8,252
33.10,2026-10-06 17:00:00,25.3,81,97,0.0,15.1,245
33.10,2026-10-06 18:00:00,24.9,81,99,0.0,15.9,245
33.10,2026-10-06 19:00:00,24.5,84,100,0.0,16.2,244
33.10,2026-10-06 20:00:00,24.4,84,100,0.0,14.7,242
33.10,2026-10-06 21:00:00,24.2,84,97,0.0,13.7,240
33.10,2026-10-06 22:00:00,24.0,86,100,0.0,13.0,241
33.10,2026-10-06 23:00:00,24.5,83,99,0.0,13.3,240
33.10,2026-10-07 00:00:00,26.1,75,99,0.0,11.5,230
33.10,2026-10-07 01:00:00,28.3,63,99,0.0,10.7,217
33.10,2026-10-07 02:00:00,30.3,54,99,0.0,9.3,205
33.10,2026-10-07 03:00:00,32.0,49,97,0.0,9.0,209
33.10,2026-10-07 04:00:00,33.2,44,93,0.0,9.7,215
33.10,2026-10-07 05:00:00,34.2,41,88,0.1,10.0,213
33.10,2026-10-07 06:00:00,35.3,36,89,0.0,5.1,262
33.10,2026-10-07 07:00:00,35.7,34,85,0.0,6.9,213
33.10,2026-10-07 08:00:00,33.2,42,89,0.0,17.7,189
33.10,2026-10-07 09:00:00,31.2,47,62,0.0,16.5,191
33.10,2026-10-07 10:00:00,29.9,51,88,0.0,13.8,200
33.10,2026-10-07 11:00:00,27.9,60,28,0.0,13.5,217
33.10,2026-10-07 12:00:00,27.2,68,84,0.0,14.0,229
33.10,2026-10-07 13:00:00,26.1,75,87,0.0,15.5,242
33.10,2026-10-07 14:00:00,25.8,76,99,0.0,14.7,245
33.10,2026-10-07 15:00:00,25.5,77,100,0.0,15.0,238
33.10,2026-10-07 16:00:00,25.1,79,100,0.0,14.6,238
33.10,2026-10-07 17:00:00,24.8,81,98,0.0,13.6,247
33.10,2026-10-07 18:00:00,24.8,80,96,0.0,13.8,246
33.10,2026-10-07 19:00:00,24.5,82,87,0.0,13.6,244
33.10,2026-10-07 20:00:00,24.2,83,91,0.0,12.6,243
33.10,2026-10-07 21:00:00,23.9,86,52,0.0,12.9,250
33.10,2026-10-07 22:00:00,23.7,87,34,0.0,12.8,248
33.10,2026-10-07 23:00:00,24.2,84,73,0.0,12.7,245
33.10,2026-10-08 00:00:00,25.9,74,87,0.0,12.9,223
33.11,2026-10-06 01:00:00,27.9,63,98,0.0,7.4,214
33.11,2026-10-06 02:00:00,30.1,52,17,0.0,5.3,190
33.11,2026-10-06 03:00:00,32.2,43,20,0.0,3.5,145
33.11,2026-10-06 04:00:00,33.4,38,16,0.0,4.2,102
33.11,2026-10-06 05:00:00,34.3,36,22,0.0,6.9,85
33.11,2026-10-06 06:00:00,34.8,37,96,0.0,10.2,73
33.11,2026-10-06 07:00:00,34.8,37,98,0.1,10.3,121
33.11,2026-10-06 08:00:00,32.0,52,99,0.0,21.1,163
33.11,2026-10-06 09:00:00,30.6,55,84,0.0,18.9,159
33.11,2026-10-06 10:00:00,28.8,64,67,0.0,18.1,174
33.11,2026-10-06 11:00:00,26.8,73,59,0.0,15.8,203
33.11,2026-10-06 12:00:00,26.6,76,40,0.0,18.2,210
33.11,2026-10-06 13:00:00,26.3,76,41,0.0,15.2,222
33.11,2026-10-06 14:00:00,25.9,76,29,0.0,15.3,230
33.11,2026-10-06 15:00:00,25.4,78,91,0.0,14.7,237
33.11,2026-10-06 16:00:00,25.1,80,73,0.0,12.3,247
33.11,2026-10-06 17:00:00,24.9,81,91,0.0,12.4,240
33.11,2026-10-06 18:00:00,24.5,83,99,0.0,14.1,240
33.11,2026-10-06 19:00:00,24.1,85,100,0.0,11.9,243
33.11,2026-10-06 20:00:00,24.0,86,98,0.0,9.4,239
33.11,2026-10-06 21:00:00,23.7,87,91,0.0,8.6,237
33.11,2026-10-06 22:00:00,23.5,88,98,0.0,7.7,234
33.11,2026-10-06 23:00:00,24.0,86,100,0.0,8.6,229
33.11,2026-10-07 00:00:00,25.7,76,95,0.0,10.8,212
33.11,2026-10-07 01:00:00,27.9,66,85,0.0,9.6,200
33.11,2026-10-07 02:00:00,29.9,57,91,0.0,9.3,188
33.11,2026-10-07 03:00:00,31.3,51,98,0.0,8.6,190
33.11,2026-10-07 04:00:00,32.4,46,100,0.1,8.1,193
33.11,2026-10-07 05:00:00,33.3,43,68,0.0,9.2,187
33.11,2026-10-07 06:00:00,34.2,38,61,0.1,7.4,203
33.11,2026-10-07 07:00:00,33.9,40,94,0.0,10.0,163
33.11,2026-10-07 08:00:00,31.6,50,82,0.3,16.0,165
33.11,2026-10-07 09:00:00,30.5,51,57,0.1,16.7,169
33.11,2026-10-07 10:00:00,28.9,56,59,0.0,15.7,183
33.11,2026-10-07 11:00:00,27.0,65,58,0.0,14.9,202
33.11,2026-10-07 12:00:00,26.4,71,93,0.0,19.3,202
33.11,2026-10-07 13:00:00,25.7,75,95,0.0,15.1,212
33.11,2026-10-07 14:00:00,25.5,75,98,0.0,14.9,221
33.11,2026-10-07 15:00:00,25.2,77,97,0.0,14.9,218
33.11,2026-10-07 16:00:00,24.8,79,98,0.0,13.8,219
33.11,2026-10-07 17:00:00,24.4,81,99,0.0,13.1,216
33.11,2026-10-07 18:00:00,24.3,82,96,0.0,12.0,220
33.11,2026-10-07 19:00:00,24.0,84,88,0.0,12.7,223
33.11,2026-10-07 20:00:00,23.8,85,56,0.1,12.1,223
33.11,2026-10-07 21:00:00,23.6,86,33,0.0,12.1,217
33.11,2026-10-07 22:00:00,23.6,86,46,0.0,11.7,216
33.11,2026-10-07 23:00:00,24.1,83,79,0.0,11.9,215
33.11,2026-10-08 00:00:00,25.9,74,91,0.0,12.8,202
33.12,2026-10-06 01:00:00,28.1,65,88,0.0,5.6,201
33.12,2026-10-06 02:00:00,30.1,54,30,0.0,5.0,206
33.12,2026-10-06 03:00:00,32.1,44,17,0.0,5.7,226
33.12,2026-10-06 04:00:00,33.5,38,19,0.0,5.8,248
33.12,2026-10-06 05:00:00,34.2,36,20,0.0,6.1,265
33.12,2026-10-06 06:00:00,34.7,36,80,0.0,5.6,222
33.12,2026-10-06 07:00:00,31.4,59,91,0.1,20.4,192
33.12,2026-10-06 08:00:00,31.1,58,98,0.0,20.2,184
33.12,2026-10-06 09:00:00,29.8,62,92,0.0,20.3,180
33.12,2026-10-06 10:00:00,28.7,67,76,0.0,18.9,178
33.12,2026-10-06 11:00:00,27.4,72,55,0.0,16.9,178
33.12,2026-10-06 12:00:00,27.4,74,37,0.0,15.6,169
33.12,2026-10-06 13:00:00,26.9,75,41,0.0,13.8,174
33.12,2026-10-06 14:00:00,26.3,76,19,0.0,11.1,187
33.12,2026-10-06 15:00:00,25.8,78,82,0.0,10.0,189
33.12,2026-10-06 16:00:00,25.2,80,97,0.0,7.2,180
33.12,2026-10-06 17:00:00,24.9,82,95,0.0,6.7,180
33.12,2026-10-06 18:00:00,24.2,86,99,0.0,5.4,176
33.12,2026-10-06 19:00:00,23.7,89,99,0.0,4.7,178
33.12,2026-10-06 20:00:00,23.4,90,98,0.0,4.2,173
33.12,2026-10-06 21:00:00,23.3,91,99,0.0,4.2,175
33.12,2026-10-06 22:00:00,23.0,93,99,0.0,4.8,167
33.12,2026-10-06 23:00:00,23.4,90,99,0.0,6.8,169
33.12,2026-10-07 00:00:00,25.9,78,98,0.0,7.0,183
33.12,2026-10-07 01:00:00,28.5,64,93,0.0,9.3,165
33.12,2026-10-07 02:00:00,30.3,56,99,0.0,10.2,157
33.12,2026-10-07 03:00:00,31.7,50,100,0.0,8.8,178
33.12,2026-10-07 04:00:00,32.7,46,95,0.0,9.1,205
33.12,2026-10-07 05:00:00,32.8,46,66,0.1,11.1,216
33.12,2026-10-07 06:00:00,33.0,47,86,0.2,16.7,212
33.12,2026-10-07 07:00:00,31.5,53,97,0.2,16.7,192
33.12,2026-10-07 08:00:00,31.3,51,92,0.0,17.6,188
33.12,2026-10-07 09:00:00,30.3,53,44,0.0,19.5,183
33.12,2026-10-07 10:00:00,28.6,59,35,0.0,18.6,183
33.12,2026-10-07 11:00:00,27.2,66,48,0.0,14.8,186
33.12,2026-10-07 12:00:00,26.8,71,93,0.0,15.5,182
33.12,2026-10-07 13:00:00,26.3,71,89,0.0,14.6,184
33.12,2026-10-07 14:00:00,25.9,71,100,0.0,14.1,185
33.12,2026-10-07 15:00:00,25.5,74,95,0.0,13.9,184
33.12,2026-10-07 16:00:00,25.2,76,98,0.0,12.8,180
33.12,2026-10-07 17:00:00,25.0,78,99,0.0,12.1,177
33.12,2026-10-07 18:00:00,24.7,80,96,0.0,10.3,181
33.12,2026-10-07 19:00:00,24.6,81,87,0.0,9.7,191
33.12,2026-10-07 20:00:00,24.6,82,81,0.0,9.3,198
33.12,2026-10-07 21:00:00,24.3,84,82,0.0,8.6,200
33.12,2026-10-07 22:00:00,24.0,86,80,0.0,8.4,191
33.12,2026-10-07 23:00:00,24.4,84,88,0.0,8.7,184
33.12,2026-10-08 00:00:00,26.4,72,91,0.0,10.1,179
33.13,2026-10-06 01:00:00,27.5,69,79,0.0,7.7,242
33.13,2026-10-06 02:00:00,29.5,59,12,0.0,6.8,245
33.13,2026-10-06 03:00:00,31.0,52,27,0.0,5.2,258
33.13,2026-10-06 04:00:00,31.8,50,47,0.1,5.8,277
33.13,2026-10-06 05:00:00,32.4,47,68,0.2,5.4,285
33.13,2026-10-06 06:00:00,33.4,40,91,0.1,4.8,257
33.13,2026-10-06 07:00:00,33.9,36,96,0.0,3.5,231
33.13,2026-10-06 08:00:00,32.7,45,97,0.0,13.7,184
33.13,2026-10-06 09:00:00,30.1,60,93,0.0,19.9,175
33.13,2026-10-06 10:00:00,29.1,65,87,0.0,18.4,184
33.13,2026-10-06 11:00:00,27.8,70,70,0.0,15.0,198
33.13,2026-10-06 12:00:00,27.3,72,31,0.0,7.6,185
33.13,2026-10-06 13:00:00,26.6,74,20,0.0,6.8,191
33.13,2026-10-06 14:00:00,25.9,78,42,0.0,7.7,221
33.13,2026-10-06 15:00:00,25.2,81,84,0.0,5.8,240
33.13,2026-10-06 16:00:00,24.7,84,98,0.0,6.0,267
33.13,2026-10-06 17:00:00,24.3,85,97,0.0,3.9,223
33.13,2026-10-06 18:00:00,24.0,86,100,0.0,4.5,233
33.13,2026-10-06 19:00:00,23.9,86,100,0.0,7.4,227
33.13,2026-10-06 20:00:00,23.5,89,97,0.0,7.2,219
33.13,2026-10-06 21:00:00,23.2,90,99,0.0,6.5,210
33.13,2026-10-06 22:00:00,22.9,91,100,0.0,6.6,196
33.13,2026-10-06 23:00:00,23.5,88,99,0.0,9.5,202
33.13,2026-10-07 00:00:00,26.0,75,99,0.0,10.1,226
33.13,2026-10-07 01:00:00,28.1,65,88,0.0,12.5,223
33.13,2026-10-07 02:00:00,30.4,55,99,0.0,13.0,218
33.13,2026-10-07 03:00:00,31.7,48,100,0.1,11.4,213
33.13,2026-10-07 04:00:00,32.4,45,97,0.2,9.9,218
33.13,2026-10-07 05:00:00,33.1,42,80,0.1,7.7,213
33.13,2026-10-07 06:00:00,34.0,39,84,0.2,7.4,223
33.13,2026-10-07 07:00:00,33.9,39,99,0.0,8.4,195
33.13,2026-10-07 08:00:00,32.0,48,62,0.0,14.6,175
33.13,2026-10-07 09:00:00,30.7,52,84,0.0,13.3,178
33.13,2026-10-07 10:00:00,29.4,55,37,0.0,14.7,192
33.13,2026-10-07 11:00:00,27.7,62,46,0.0,16.0,195
33.13,2026-10-07 12:00:00,27.3,67,88,0.0,11.9,203
33.13,2026-10-07 13:00:00,26.4,72,98,0.0,12.4,199
33.13,2026-10-07 14:00:00,25.6,75,98,0.0,10.7,211
33.13,2026-10-07 15:00:00,25.1,76,80,0.0,6.7,207
33.13,2026-10-07 16:00:00,24.7,78,98,0.0,8.5,207
33.13,2026-10-07 17:00:00,24.4,80,100,0.0,7.1,214
33.13,2026-10-07 18:00:00,24.3,81,92,0.0,7.4,214
33.13,2026-10-07 19:00:00,23.7,84,88,0.0,8.2,203
33.13,2026-10-07 20:00:00,23.3,87,63,0.1,8.2,206
33.13,2026-10-07 21:00:00,23.3,89,63,0.0,9.0,200
33.13,2026-10-07 22:00:00,23.0,91,68,0.0,9.9,195
33.13,2026-10-07 23:00:00,23.7,88,59,0.0,11.6,199
33.13,2026-10-08 00:00:00,25.9,76,75,0.0,13.6,209
33.14,2026-10-06 01:00:00,29.1,61,45,0.0,8.6,202
33.14,2026-10-06 02:00:00,31.5,52,17,0.0,3.7,169
33.14,2026-10-06 03:00:00,33.4,43,9,0.0,3.6,99
33.14,2026-10-06 04:00:00,35.1,34,28,0.0,6.4,79
33.14,2026-10-06 05:00:00,36.4,29,28,0.0,10.1,71
33.14,2026-10-06 06:00:00,36.8,30,95,0.0,14.6,58
33.14,2026-10-06 07:00:00,36.8,29,98,0.0,12.7,65
33.14,2026-10-06 08:00:00,36.6,29,98,0.0,10.1,68
33.14,2026-10-06 09:00:00,36.7,29,97,0.0,7.3,121
33.14,2026-10-06 10:00:00,33.6,43,97,0.0,13.5,181
33.14,2026-10-06 11:00:00,30.3,62,73,0.0,20.1,230
33.14,2026-10-06 12:00:00,29.4,65,41,0.0,21.1,232
33.14,2026-10-06 13:00:00,28.4,68,27,0.0,18.9,234
33.14,2026-10-06 14:00:00,28.1,70,69,0.0,15.5,222
33.14,2026-10-06 15:00:00,27.4,72,91,0.0,14.9,212
33.14,2026-10-06 16:00:00,26.8,74,97,0.0,13.2,210
33.14,2026-10-06 17:00:00,26.1,77,98,0.0,12.7,215
33.14,2026-10-06 18:00:00,25.5,78,100,0.0,11.7,212
33.14,2026-10-06 19:00:00,25.3,80,99,0.0,10.2,211
33.14,2026-10-06 20:00:00,25.1,81,97,0.0,10.6,219
33.14,2026-10-06 21:00:00,24.9,82,100,0.0,10.5,221
33.14,2026-10-06 22:00:00,24.7,83,100,0.0,9.9,215
33.14,2026-10-06 23:00:00,25.1,81,99,0.0,11.0,218
33.14,2026-10-07 00:00:00,26.7,75,99,0.0,12.4,216
33.14,2026-10-07 01:00:00,28.9,64,90,0.0,11.5,209
33.14,2026-10-07 02:00:00,31.1,54,96,0.0,9.3,195
33.14,2026-10-07 03:00:00,32.6,48,95,0.0,8.1,186
33.14,2026-10-07 04:00:00,34.0,43,88,0.0,7.5,170
33.14,2026-10-07 05:00:00,34.9,40,70,0.1,7.8,158
33.14,2026-10-07 06:00:00,35.6,35,89,0.0,10.7,117
33.14,2026-10-07 07:00:00,35.7,34,99,0.0,9.2,113
33.14,2026-10-07 08:00:00,35.4,34,49,0.0,4.9,107
33.14,2026-10-07 09:00:00,34.8,36,97,0.0,7.6,179
33.14,2026-10-07 10:00:00,32.5,46,68,0.0,15.7,199
33.14,2026-10-07 11:00:00,30.1,54,88,0.1,19.8,220
33.14,2026-10-07 12:00:00,29.3,59,56,0.0,17.3,210
33.14,2026-10-07 13:00:00,28.0,65,98,0.0,17.0,233
33.14,2026-10-07 14:00:00,27.3,68,98,0.0,17.6,223
33.14,2026-10-07 15:00:00,26.8,71,92,0.0,17.0,219
33.14,2026-10-07 16:00:00,26.4,73,98,0.0,14.9,212
33.14,2026-10-07 17:00:00,25.9,75,95,0.0,14.8,211
33.14,2026-10-07 18:00:00,25.6,77,92,0.0,14.0,213
33.14,2026-10-07 19:00:00,25.4,78,88,0.0,12.5,219
33.14,2026-10-07 20:00:00,25.1,79,80,0.0,12.1,227
33.14,2026-10-07 21:00:00,25.0,80,85,0.0,12.2,227
33.14,2026-10-07 22:00:00,25.0,80,81,0.0,12.6,226
33.14,2026-10-07 23:00:00,25.3,79,57,0.0,13.3,222
33.14,2026-10-08 00:00:00,27.0,71,54,0.0,13.8,220
33.15,2026-10-06 01:00:00,29.2,61,7,0.0,8.5,152
33.15,2026-10-06 02:00:00,30.9,56,13,0.0,8.2,144
33.15,2026-10-06 03:00:00,32.2,52,19,0.0,8.5,138
33.15,2026-10-06 04:00:00,33.6,44,55,0.0,9.4,130
33.15,2026-10-06 05:00:00,34.7,37,34,0.0,10.4,124
33.15,2026-10-06 06:00:00,35.3,35,98,0.0,12.4,100
33.15,2026-10-06 07:00:00,35.5,33,98,0.0,12.4,89
33.15,2026-10-06 08:00:00,35.4,31,99,0.0,11.0,96
33.15,2026-10-06 09:00:00,34.9,32,100,0.0,9.8,96
33.15,2026-10-06 10:00:00,32.8,42,99,0.0,4.5,76
33.15,2026-10-06 11:00:00,30.8,50,83,0.0,8.2,23
33.15,2026-10-06 12:00:00,30.1,56,81,0.0,5.7,193
33.15,2026-10-06 13:00:00,28.3,71,73,0.3,2.8,50
33.15,2026-10-06 14:00:00,27.4,82,77,0.1,3.1,24
33.15,2026-10-06 15:00:00,26.8,90,85,0.0,1.8,45
33.15,2026-10-06 16:00:00,26.3,92,100,0.0,3.8,188
33.15,2026-10-06 17:00:00,26.3,79,98,0.0,7.0,184
33.15,2026-10-06 18:00:00,26.1,74,98,0.0,6.7,166
33.15,2026-10-06 19:00:00,25.5,77,100,0.0,6.3,145
33.15,2026-10-06 20:00:00,25.2,79,98,0.0,6.4,133
33.15,2026-10-06 21:00:00,24.9,80,98,0.0,5.7,136
33.15,2026-10-06 22:00:00,24.7,82,99,0.0,6.4,135
33.15,2026-10-06 23:00:00,25.2,80,98,0.0,7.6,135
33.15,2026-10-07 00:00:00,26.8,73,100,0.0,9.8,152
33.15,2026-10-07 01:00:00,28.7,65,98,0.0,11.1,155
33.15,2026-10-07 02:00:00,30.6,57,100,0.0,10.8,162
33.15,2026-10-07 03:00:00,31.9,51,98,0.0,8.9,162
33.15,2026-10-07 04:00:00,32.6,48,59,0.0,7.8,154
33.15,2026-10-07 05:00:00,33.6,45,27,0.0,7.4,157
33.15,2026-10-07 06:00:00,33.7,42,92,0.1,3.6,117
33.15,2026-10-07 07:00:00,33.7,42,46,0.1,2.7,32
33.15,2026-10-07 08:00:00,33.5,43,44,0.0,4.2,350
33.15,2026-10-07 09:00:00,33.0,44,96,0.0,4.0,8
33.15,2026-10-07 10:00:00,31.8,49,97,0.0,4.4,63
33.15,2026-10-07 11:00:00,29.8,60,75,0.0,7.6,4
33.15,2026-10-07 12:00:00,28.6,69,57,0.3,5.8,216
33.15,2026-10-07 13:00:00,26.5,85,100,0.5,10.5,286
33.15,2026-10-07 14:00:00,26.5,85,98,0.2,4.3,253
33.15,2026-10-07 15:00:00,26.4,80,100,0.0,5.3,192
33.15,2026-10-07 16:00:00,26.4,71,100,0.0,12.2,180
33.15,2026-10-07 17:00:00,26.1,71,100,0.0,13.1,189
33.15,2026-10-07 18:00:00,25.8,73,100,0.0,13.4,185
33.15,2026-10-07 19:00:00,25.7,74,100,0.0,11.8,191
33.15,2026-10-07 20:00:00,25.5,76,98,0.0,12.5,184
33.15,2026-10-07 21:00:00,25.4,77,88,0.0,12.1,176
33.15,2026-10-07 22:00:00,25.1,78,79,0.0,9.0,160
33.15,2026-10-07 23:00:00,25.4,77,66,0.0,9.8,167
33.15,2026-10-08 00:00:00,26.5,73,34,0.0,11.4,175
33.16,2026-10-06 01:00:00,27.8,65,17,0.0,7.9,160
33.16,2026-10-06 02:00:00,30.0,57,28,0.0,7.4,135
33.16,2026-10-06 03:00:00,31.7,49,33,0.0,8.5,117
33.16,2026-10-06 04:00:00,32.7,44,44,0.0,9.9,111
33.16,2026-10-06 05:00:00,33.5,42,36,0.0,10.6,108
33.16,2026-10-06 06:00:00,34.2,40,87,0.0,10.4,90
33.16,2026-10-06 07:00:00,34.6,38,99,0.0,9.2,89
33.16,2026-10-06 08:00:00,34.5,38,98,0.0,10.1,107
33.16,2026-10-06 09:00:00,33.8,37,98,0.0,13.6,118
33.16,2026-10-06 10:00:00,32.6,41,95,0.0,10.7,102
33.16,2026-10-06 11:00:00,29.9,61,40,0.0,17.0,56
33.16,2026-10-06 12:00:00,29.1,70,63,0.0,13.5,74
33.16,2026-10-06 13:00:00,28.8,70,80,0.0,11.5,100
33.16,2026-10-06 14:00:00,28.4,64,98,0.0,11.0,132
33.16,2026-10-06 15:00:00,27.3,67,99,0.0,9.9,143
33.16,2026-10-06 16:00:00,26.4,71,95,0.0,9.5,147
33.16,2026-10-06 17:00:00,25.7,73,87,0.0,9.7,145
33.16,2026-10-06 18:00:00,25.3,72,100,0.0,9.0,147
33.16,2026-10-06 19:00:00,24.8,74,99,0.0,5.1,153
33.16,2026-10-06 20:00:00,24.4,77,100,0.0,3.1,144
33.16,2026-10-06 21:00:00,24.2,78,100,0.0,3.2,146
33.16,2026-10-06 22:00:00,24.2,77,100,0.0,4.4,171
33.16,2026-10-06 23:00:00,24.7,74,98,0.0,8.5,174
33.16,2026-10-07 00:00:00,26.0,72,56,0.0,11.2,175
33.16,2026-10-07 01:00:00,28.0,66,85,0.0,12.3,173
33.16,2026-10-07 02:00:00,29.8,58,97,0.0,11.1,163
33.16,2026-10-07 03:00:00,31.2,52,71,0.0,8.6,149
33.16,2026-10-07 04:00:00,32.2,48,91,0.0,6.8,132
33.16,2026-10-07 05:00:00,32.5,47,98,0.0,5.6,112
33.16,2026-10-07 06:00:00,32.5,46,80,0.1,5.9,102
33.16,2026-10-07 07:00:00,32.9,44,46,0.0,5.2,104
33.16,2026-10-07 08:00:00,33.1,43,94,0.0,4.9,98
33.16,2026-10-07 09:00:00,32.5,44,63,0.1,4.7,74
33.16,2026-10-07 10:00:00,31.0,52,65,0.0,7.8,23
33.16,2026-10-07 11:00:00,28.9,66,9,0.0,9.0,357
33.16,2026-10-07 12:00:00,28.6,69,97,0.0,7.2,14
33.16,2026-10-07 13:00:00,27.7,75,88,0.0,2.4,107
33.16,2026-10-07 14:00:00,26.6,81,83,0.3,11.3,213
33.16,2026-10-07 15:00:00,26.2,80,100,0.1,6.8,191
33.16,2026-10-07 16:00:00,25.7,75,95,0.0,8.4,146
33.16,2026-10-07 17:00:00,25.2,73,93,0.0,9.7,145
33.16,2026-10-07 18:00:00,25.2,74,95,0.0,7.4,173
33.16,2026-10-07 19:00:00,24.7,77,80,0.0,5.7,169
33.16,2026-10-07 20:00:00,24.4,77,64,0.0,8.2,172
33.16,2026-10-07 21:00:00,24.3,77,54,0.0,9.4,191
33.16,2026-10-07 22:00:00,24.0,79,76,0.0,7.3,191
33.16,2026-10-07 23:00:00,24.4,78,48,0.0,9.9,175
33.16,2026-10-08 00:00:00,26.1,72,61,0.0,10.2,173
33.17,2026-10-06 01:00:00,29.7,55,10,0.0,11.1,168
33.17,2026-10-06 02:00:00,31.8,49,17,0.0,7.9,145
33.17,2026-10-06 03:00:00,33.0,45,47,0.0,7.4,76
33.17,2026-10-06 04:00:00,33.4,45,62,0.0,10.3,49
33.17,2026-10-06 05:00:00,33.7,47,84,0.0,14.0,47
33.17,2026-10-06 06:00:00,33.9,47,97,0.0,18.5,54
33.17,2026-10-06 07:00:00,33.5,46,100,0.0,17.8,50
33.17,2026-10-06 08:00:00,32.9,50,100,0.0,16.5,50
33.17,2026-10-06 09:00:00,31.7,57,100,0.0,16.2,48
33.17,2026-10-06 10:00:00,30.2,66,99,0.0,16.8,57
33.17,2026-10-06 11:00:00,29.4,72,38,0.0,17.1,64
33.17,2026-10-06 12:00:00,29.4,73,40,0.0,16.4,73
33.17,2026-10-06 13:00:00,28.9,77,58,0.0,11.2,85
33.17,2026-10-06 14:00:00,28.6,79,99,0.0,9.4,110
33.17,2026-10-06 15:00:00,28.3,80,98,0.0,8.7,117
33.17,2026-10-06 16:00:00,27.7,79,100,0.0,8.3,132
33.17,2026-10-06 17:00:00,27.2,73,91,0.0,8.8,145
33.17,2026-10-06 18:00:00,26.6,71,100,0.0,9.9,142
33.17,2026-10-06 19:00:00,26.0,72,100,0.0,9.8,152
33.17,2026-10-06 20:00:00,25.6,73,98,0.0,9.2,157
33.17,2026-10-06 21:00:00,25.1,75,99,0.0,8.7,172
33.17,2026-10-06 22:00:00,24.8,77,99,0.0,10.0,174
33.17,2026-10-06 23:00:00,25.3,75,99,0.0,11.5,172
33.17,2026-10-07 00:00:00,27.5,66,98,0.0,13.3,167
33.17,2026-10-07 01:00:00,29.6,58,100,0.0,12.5,168
33.17,2026-10-07 02:00:00,31.4,52,92,0.0,9.4,151
33.17,2026-10-07 03:00:00,32.9,48,86,0.0,6.6,106
33.17,2026-10-07 04:00:00,33.4,46,88,0.1,7.1,45
33.17,2026-10-07 05:00:00,32.9,50,13,0.1,9.8,26
33.17,2026-10-07 06:00:00,32.2,56,42,0.2,15.9,28
33.17,2026-10-07 07:00:00,31.5,60,48,0.1,17.4,27
33.17,2026-10-07 08:00:00,30.8,62,99,0.0,16.3,28
33.17,2026-10-07 09:00:00,29.9,65,97,0.0,14.2,32
33.17,2026-10-07 10:00:00,29.1,69,55,0.0,11.8,36
33.17,2026-10-07 11:00:00,28.4,75,5,0.0,9.0,30
33.17,2026-10-07 12:00:00,28.7,76,98,0.0,8.5,46
33.17,2026-10-07 13:00:00,28.2,78,98,0.0,4.0,63
33.17,2026-10-07 14:00:00,27.9,79,98,0.0,3.3,119
33.17,2026-10-07 15:00:00,26.2,87,100,0.4,12.1,200
33.17,2026-10-07 16:00:00,26.6,83,98,0.1,3.7,194
33.17,2026-10-07 17:00:00,26.0,88,100,0.3,1.3,56
33.17,2026-10-07 18:00:00,25.8,88,87,0.2,1.5,83
33.17,2026-10-07 19:00:00,25.5,90,59,0.0,4.7,196
33.17,2026-10-07 20:00:00,25.0,89,30,0.0,8.3,210
33.17,2026-10-07 21:00:00,24.7,87,37,0.0,9.3,193
33.17,2026-10-07 22:00:00,24.5,83,67,0.0,10.9,173
33.17,2026-10-07 23:00:00,25.2,77,79,0.0,13.1,172
33.17,2026-10-08 00:00:00,27.2,69,69,0.0,11.7,176
33.18,2026-10-06 01:00:00,29.6,63,17,0.0,2.3,180
33.18,2026-10-06 02:00:00,31.4,55,23,0.0,4.1,139
33.18,2026-10-06 03:00:00,33.1,48,31,0.0,7.5,136
33.18,2026-10-06 04:00:00,34.5,42,28,0.0,8.7,130
33.18,2026-10-06 05:00:00,35.4,39,86,0.0,8.1,94
33.18,2026-10-06 06:00:00,35.4,41,98,0.0,12.0,47
33.18,2026-10-06 07:00:00,34.1,47,99,0.2,16.5,23
33.18,2026-10-06 08:00:00,33.2,44,100,0.0,19.5,9
33.18,2026-10-06 09:00:00,32.1,47,100,0.0,15.6,6
33.18,2026-10-06 10:00:00,30.7,55,98,0.0,10.3,5
33.18,2026-10-06 11:00:00,29.1,63,39,0.0,10.4,9
33.18,2026-10-06 12:00:00,29.1,72,83,0.0,7.7,21
33.18,2026-10-06 13:00:00,28.8,77,78,0.0,7.7,25
33.18,2026-10-06 14:00:00,28.2,83,100,0.0,2.6,16
33.18,2026-10-06 15:00:00,28.1,84,91,0.0,2.0,45
33.18,2026-10-06 16:00:00,27.7,84,99,0.0,2.5,82
33.18,2026-10-06 17:00:00,27.0,83,98,0.0,3.4,96
33.18,2026-10-06 18:00:00,26.2,81,99,0.0,3.8,98
33.18,2026-10-06 19:00:00,25.6,81,100,0.0,3.0,104
33.18,2026-10-06 20:00:00,25.2,82,98,0.0,1.5,126
33.18,2026-10-06 21:00:00,24.8,85,98,0.0,2.2,204
33.18,2026-10-06 22:00:00,24.2,89,99,0.0,3.4,223
33.18,2026-10-06 23:00:00,25.0,88,100,0.0,4.6,244
33.18,2026-10-07 00:00:00,27.2,73,99,0.0,3.4,212
33.18,2026-10-07 01:00:00,29.4,65,100,0.0,6.1,177
33.18,2026-10-07 02:00:00,31.1,56,100,0.0,6.6,158
33.18,2026-10-07 03:00:00,32.4,51,95,0.0,6.4,144
33.18,2026-10-07 04:00:00,33.4,47,87,0.0,7.1,135
33.18,2026-10-07 05:00:00,34.2,45,68,0.1,6.5,129
33.18,2026-10-07 06:00:00,34.3,44,60,0.0,7.6,94
33.18,2026-10-07 07:00:00,33.4,48,51,0.2,9.5,58
33.18,2026-10-07 08:00:00,32.4,54,73,0.2,11.6,39
33.18,2026-10-07 09:00:00,31.4,57,100,0.0,11.8,34
33.18,2026-10-07 10:00:00,30.1,63,95,0.0,11.4,35
33.18,2026-10-07 11:00:00,28.6,72,27,0.0,11.0,34
33.18,2026-10-07 12:00:00,28.2,78,91,0.0,7.3,42
33.18,2026-10-07 13:00:00,27.6,83,97,0.0,3.9,34
33.18,2026-10-07 14:00:00,27.3,84,100,0.0,7.3,189
33.18,2026-10-07 15:00:00,26.0,91,100,1.3,1.3,8
33.18,2026-10-07 16:00:00,25.7,94,98,0.1,5.5,297
33.18,2026-10-07 17:00:00,25.7,91,97,0.0,4.1,268
33.18,2026-10-07 18:00:00,25.9,88,95,0.0,5.2,221
33.18,2026-10-07 19:00:00,25.8,82,84,0.0,7.4,225
33.18,2026-10-07 20:00:00,25.4,80,26,0.0,8.7,232
33.18,2026-10-07 21:00:00,24.9,82,20,0.0,5.6,211
33.18,2026-10-07 22:00:00,24.7,84,54,0.0,4.1,232
33.18,2026-10-07 23:00:00,25.5,80,80,0.0,4.8,255
33.18,2026-10-08 00:00:00,27.2,73,45,0.0,5.0,221
33.19,2026-10-06 01:00:00,29.1,60,15,0.0,7.1,126
33.19,2026-10-06 02:00:00,30.8,54,33,0.0,8.4,124
33.19,2026-10-06 03:00:00,32.4,48,49,0.0,10.5,115
33.19,2026-10-06 04:00:00,33.7,42,67,0.0,12.4,109
33.19,2026-10-06 05:00:00,34.5,38,77,0.0,13.8,114
33.19,2026-10-06 06:00:00,35.5,35,99,0.0,14.2,112
33.19,2026-10-06 07:00:00,35.6,36,100,0.0,14.4,99
33.19,2026-10-06 08:00:00,34.5,40,100,0.0,14.0,89
33.19,2026-10-06 09:00:00,33.2,40,100,0.0,15.9,80
33.19,2026-10-06 10:00:00,32.0,40,95,0.0,12.4,88
33.19,2026-10-06 11:00:00,31.1,42,52,0.0,10.2,76
33.19,2026-10-06 12:00:00,30.5,50,79,0.0,13.8,69
33.19,2026-10-06 13:00:00,29.1,63,63,0.0,11.9,104
33.19,2026-10-06 14:00:00,28.0,75,97,0.1,11.2,116
33.19,2026-10-06 15:00:00,27.7,80,95,0.3,7.9,117
33.19,2026-10-06 16:00:00,27.5,84,100,0.0,5.6,117
33.19,2026-10-06 17:00:00,27.0,87,100,0.0,7.1,114
33.19,2026-10-06 18:00:00,26.4,89,100,0.0,7.9,131
33.19,2026-10-06 19:00:00,25.7,91,100,0.0,7.0,125
33.19,2026-10-06 20:00:00,25.3,92,98,0.0,5.0,109
33.19,2026-10-06 21:00:00,25.1,92,95,0.0,6.2,116
33.19,2026-10-06 22:00:00,24.9,89,100,0.0,7.5,120
33.19,2026-10-06 23:00:00,25.2,82,98,0.0,7.7,118
33.19,2026-10-07 00:00:00,26.7,74,98,0.0,7.7,131
33.19,2026-10-07 01:00:00,28.5,66,100,0.0,8.3,134
33.19,2026-10-07 02:00:00,30.4,58,98,0.0,8.7,133
33.19,2026-10-07 03:00:00,31.9,50,98,0.0,9.3,126
33.19,2026-10-07 04:00:00,33.1,45,86,0.0,9.4,119
33.19,2026-10-07 05:00:00,33.7,43,83,0.0,9.7,115
33.19,2026-10-07 06:00:00,34.1,41,73,0.1,10.6,118
33.19,2026-10-07 07:00:00,34.1,41,27,0.1,11.4,123
33.19,2026-10-07 08:00:00,33.7,41,57,0.0,10.9,128
33.19,2026-10-07 09:00:00,33.0,44,100,0.0,9.6,118
33.19,2026-10-07 10:00:00,31.3,51,98,0.0,7.4,113
33.19,2026-10-07 11:00:00,29.9,60,63,0.0,1.7,148
33.19,2026-10-07 12:00:00,29.9,62,54,0.0,5.9,168
33.19,2026-10-07 13:00:00,29.0,69,100,0.0,9.3,167
33.19,2026-10-07 14:00:00,26.5,76,95,0.0,12.1,201
33.19,2026-10-07 15:00:00,26.0,78,100,0.0,5.9,258
33.19,2026-10-07 16:00:00,25.8,79,100,0.0,1.5,324
33.19,2026-10-07 17:00:00,26.4,74,100,0.0,4.4,159
33.19,2026-10-07 18:00:00,26.5,70,100,0.0,8.7,153
33.19,2026-10-07 19:00:00,26.0,71,100,0.0,8.3,162
33.19,2026-10-07 20:00:00,25.7,73,99,0.0,9.8,144
33.19,2026-10-07 21:00:00,25.3,75,98,0.0,8.8,152
33.19,2026-10-07 22:00:00,25.2,77,73,0.0,7.8,143
33.19,2026-10-07 23:00:00,25.6,76,73,0.0,7.3,136
33.19,2026-10-08 00:00:00,26.9,70,55,0.0,8.1,137
33.20,2026-10-06 01:00:00,30.2,55,13,0.0,6.8,169
33.20,2026-10-06 02:00:00,31.8,50,25,0.0,4.6,201
33.20,2026-10-06 03:00:00,32.9,47,41,0.0,3.6,288
33.20,2026-10-06 04:00:00,32.5,54,74,0.0,12.2,322
33.20,2026-10-06 05:00:00,31.4,61,95,0.0,18.4,320
33.20,2026-10-06 06:00:00,32.9,59,93,0.0,14.0,303
33.20,2026-10-06 07:00:00,33.7,51,100,0.0,9.0,329
33.20,2026-10-06 08:00:00,34.1,46,100,0.0,7.4,13
33.20,2026-10-06 09:00:00,33.7,42,98,0.0,6.5,48
33.20,2026-10-06 10:00:00,31.8,45,98,0.0,9.9,55
33.20,2026-10-06 11:00:00,30.1,45,100,0.0,11.8,65
33.20,2026-10-06 12:00:00,29.3,53,92,0.0,15.7,51
33.20,2026-10-06 13:00:00,28.9,60,97,0.0,12.4,80
33.20,2026-10-06 14:00:00,28.4,62,100,0.0,6.4,196
33.20,2026-10-06 15:00:00,27.9,70,99,0.0,2.7,203
33.20,2026-10-06 16:00:00,27.8,73,100,0.0,0.2,90
33.20,2026-10-06 17:00:00,27.4,75,98,0.0,0.4,153
33.20,2026-10-06 18:00:00,26.7,78,100,0.0,0.8,153
33.20,2026-10-06 19:00:00,25.7,84,100,0.0,3.0,155
33.20,2026-10-06 20:00:00,25.2,87,99,0.0,6.4,164
33.20,2026-10-06 21:00:00,24.8,88,94,0.0,8.6,151
33.20,2026-10-06 22:00:00,24.8,83,97,0.0,11.0,150
33.20,2026-10-06 23:00:00,25.6,78,99,0.0,13.0,152
33.20,2026-10-07 00:00:00,27.7,71,99,0.0,11.0,157
33.20,2026-10-07 01:00:00,29.5,63,97,0.0,10.3,167
33.20,2026-10-07 02:00:00,31.4,54,98,0.0,6.7,180
33.20,2026-10-07 03:00:00,32.8,48,100,0.0,1.6,264
33.20,2026-10-07 04:00:00,32.3,53,100,0.0,11.5,326
33.20,2026-10-07 05:00:00,30.0,65,99,0.2,19.2,325
33.20,2026-10-07 06:00:00,31.4,58,84,0.2,16.2,317
33.20,2026-10-07 07:00:00,31.3,62,49,0.2,13.7,333
33.20,2026-10-07 08:00:00,31.2,63,41,0.2,12.2,347
33.20,2026-10-07 09:00:00,30.6,66,97,0.1,11.6,354
33.20,2026-10-07 10:00:00,29.6,68,100,0.0,10.3,3
33.20,2026-10-07 11:00:00,28.6,72,52,0.0,9.1,21
33.20,2026-10-07 12:00:00,27.7,81,32,0.0,9.7,40
33.20,2026-10-07 13:00:00,27.1,82,59,0.0,9.9,65
33.20,2026-10-07 14:00:00,27.1,78,87,0.0,10.1,117
33.20,2026-10-07 15:00:00,25.2,83,80,0.0,18.9,169
33.20,2026-10-07 16:00:00,25.5,80,99,0.0,13.9,146
33.20,2026-10-07 17:00:00,26.0,77,99,0.0,11.3,160
33.20,2026-10-07 18:00:00,26.0,73,100,0.0,12.7,159
33.20,2026-10-07 19:00:00,26.1,70,99,0.0,17.7,145
33.20,2026-10-07 20:00:00,26.0,70,91,0.0,20.8,151
33.20,2026-10-07 21:00:00,26.1,70,38,0.0,20.7,150
33.20,2026-10-07 22:00:00,25.9,72,40,0.0,20.3,156
33.20,2026-10-07 23:00:00,25.9,74,82,0.0,17.6,153
33.20,2026-10-08 00:00:00,27.5,70,83,0.0,14.6,153
33.21,2026-10-06 01:00:00,30.4,50,34,0.0,9.6,142
33.21,2026-10-06 02:00:00,31.7,50,5,0.0,9.5,134
33.21,2026-10-06 03:00:00,33.1,47,59,0.0,10.0,123
33.21,2026-10-06 04:00:00,34.3,43,71,0.0,12.1,115
33.21,2026-10-06 05:00:00,35.0,39,64,0.0,14.2,117
33.21,2026-10-06 06:00:00,35.8,35,98,0.0,15.5,113
33.21,2026-10-06 07:00:00,36.2,34,99,0.0,13.2,112
33.21,2026-10-06 08:00:00,35.9,34,100,0.0,8.9,97
33.21,2026-10-06 09:00:00,35.1,34,100,0.0,7.8,116
33.21,2026-10-06 10:00:00,33.3,40,98,0.0,9.5,63
33.21,2026-10-06 11:00:00,30.8,48,84,0.0,4.2,65
33.21,2026-10-06 12:00:00,30.3,54,93,0.0,5.5,197
33.21,2026-10-06 13:00:00,29.5,58,44,0.0,6.2,80
33.21,2026-10-06 14:00:00,28.2,69,91,0.0,12.2,68
33.21,2026-10-06 15:00:00,27.9,75,99,0.0,7.2,89
33.21,2026-10-06 16:00:00,27.8,75,100,0.0,7.1,106
33.21,2026-10-06 17:00:00,27.6,74,100,0.0,8.7,130
33.21,2026-10-06 18:00:00,27.3,69,100,0.0,9.0,127
33.21,2026-10-06 19:00:00,26.4,71,100,0.0,8.9,122
33.21,2026-10-06 20:00:00,25.8,73,99,0.0,8.9,124
33.21,2026-10-06 21:00:00,25.4,76,84,0.0,8.4,127
33.21,2026-10-06 22:00:00,25.1,78,98,0.0,8.7,128
33.21,2026-10-06 23:00:00,25.7,75,100,0.0,10.5,139
33.21,2026-10-07 00:00:00,27.8,67,99,0.0,10.5,143
33.21,2026-10-07 01:00:00,29.7,59,99,0.0,11.9,149
33.21,2026-10-07 02:00:00,31.5,53,99,0.0,12.0,144
33.21,2026-10-07 03:00:00,32.7,48,99,0.0,11.2,132
33.21,2026-10-07 04:00:00,33.7,45,88,0.0,9.7,119
33.21,2026-10-07 05:00:00,34.5,42,48,0.0,9.9,115
33.21,2026-10-07 06:00:00,35.2,38,93,0.0,10.6,105
33.21,2026-10-07 07:00:00,34.3,41,54,0.3,6.2,44
33.21,2026-10-07 08:00:00,33.4,45,29,0.0,8.7,343
33.21,2026-10-07 09:00:00,31.8,56,52,0.0,10.1,319
33.21,2026-10-07 10:00:00,30.3,63,100,0.0,11.9,305
33.21,2026-10-07 11:00:00,29.0,72,94,0.0,10.8,296
33.21,2026-10-07 12:00:00,29.2,75,48,0.0,12.9,289
33.21,2026-10-07 13:00:00,27.6,82,91,0.3,4.1,167
33.21,2026-10-07 14:00:00,24.3,98,100,6.6,12.3,105
33.21,2026-10-07 15:00:00,24.9,95,100,2.1,9.5,350
33.21,2026-10-07 16:00:00,25.2,95,100,0.1,7.4,347
33.21,2026-10-07 17:00:00,25.0,94,99,0.1,4.8,335
33.21,2026-10-07 18:00:00,25.0,95,100,0.6,8.7,307
33.21,2026-10-07 19:00:00,24.8,97,100,0.0,1.8,84
33.21,2026-10-07 20:00:00,24.9,95,100,0.0,9.3,139
33.21,2026-10-07 21:00:00,25.0,84,99,0.0,11.0,154
33.21,2026-10-07 22:00:00,25.2,75,86,0.0,11.0,154
33.21,2026-10-07 23:00:00,25.7,73,63,0.0,13.3,153
33.21,2026-10-08 00:00:00,27.2,68,63,0.0,12.8,148
33.22,2026-10-06 01:00:00,28.8,54,20,0.0,4.5,119
33.22,2026-10-06 02:00:00,30.1,52,8,0.0,8.1,103
33.22,2026-10-06 03:00:00,31.1,49,33,0.0,10.4,105
33.22,2026-10-06 04:00:00,31.8,45,52,0.0,11.9,110
33.22,2026-10-06 05:00:00,32.3,43,89,0.0,13.5,123
33.22,2026-10-06 06:00:00,32.8,41,98,0.0,12.4,120
33.22,2026-10-06 07:00:00,32.9,38,98,0.0,13.0,117
33.22,2026-10-06 08:00:00,32.9,35,100,0.0,13.8,125
33.22,2026-10-06 09:00:00,32.5,38,99,0.0,13.6,112
33.22,2026-10-06 10:00:00,30.9,45,98,0.0,5.9,117
33.22,2026-10-06 11:00:00,29.3,54,88,0.0,1.2,63
33.22,2026-10-06 12:00:00,28.4,64,71,0.0,2.2,351
33.22,2026-10-06 13:00:00,27.7,71,61,0.0,0.6,326
33.22,2026-10-06 14:00:00,27.0,73,77,0.0,0.6,72
33.22,2026-10-06 15:00:00,26.4,77,100,0.0,0.6,124
33.22,2026-10-06 16:00:00,25.7,76,98,0.0,4.7,223
33.22,2026-10-06 17:00:00,25.6,76,98,0.0,5.7,242
33.22,2026-10-06 18:00:00,25.2,77,100,0.0,2.5,225
33.22,2026-10-06 19:00:00,24.6,79,99,0.0,3.7,219
33.22,2026-10-06 20:00:00,24.4,79,100,0.0,3.9,223
33.22,2026-10-06 21:00:00,24.0,80,87,0.0,4.5,227
33.22,2026-10-06 22:00:00,23.7,80,94,0.0,4.9,231
33.22,2026-10-06 23:00:00,24.2,77,100,0.0,6.2,234
33.22,2026-10-07 00:00:00,26.5,66,100,0.0,3.9,164
33.22,2026-10-07 01:00:00,28.0,61,99,0.0,4.7,108
33.22,2026-10-07 02:00:00,29.3,56,100,0.0,8.0,110
33.22,2026-10-07 03:00:00,30.4,52,100,0.0,10.2,107
33.22,2026-10-07 04:00:00,31.2,48,99,0.0,10.3,101
33.22,2026-10-07 05:00:00,32.1,45,45,0.0,10.8,101
33.22,2026-10-07 06:00:00,32.6,42,62,0.3,12.3,97
33.22,2026-10-07 07:00:00,32.5,42,95,0.0,12.0,99
33.22,2026-10-07 08:00:00,31.5,45,45,0.0,10.7,48
33.22,2026-10-07 09:00:00,29.4,59,34,0.0,12.0,344
33.22,2026-10-07 10:00:00,28.3,63,98,0.0,9.3,310
33.22,2026-10-07 11:00:00,27.6,68,97,0.0,8.0,284
33.22,2026-10-07 12:00:00,27.3,72,95,0.0,6.4,260
33.22,2026-10-07 13:00:00,26.4,76,72,0.0,3.5,192
33.22,2026-10-07 14:00:00,25.5,81,88,0.0,1.8,156
33.22,2026-10-07 15:00:00,25.0,79,86,0.0,3.6,243
33.22,2026-10-07 16:00:00,24.6,78,98,0.0,2.7,233
33.22,2026-10-07 17:00:00,24.2,77,99,0.0,3.1,216
33.22,2026-10-07 18:00:00,24.3,76,99,0.0,4.1,225
33.22,2026-10-07 19:00:00,24.0,77,97,0.0,2.4,243
33.22,2026-10-07 20:00:00,23.7,79,96,0.0,6.0,197
33.22,2026-10-07 21:00:00,23.2,80,97,0.0,5.9,218
33.22,2026-10-07 22:00:00,23.1,80,84,0.0,5.1,234
33.22,2026-10-07 23:00:00,23.4,78,69,0.0,5.9,232
33.22,2026-10-08 00:00:00,26.0,67,70,0.0,5.5,234
33.23,2026-10-06 01:00:00,24.7,69,18,0.0,3.2,199
33.23,2026-10-06 02:00:00,27.3,57,44,0.0,4.3,163
33.23,2026-10-06 03:00:00,29.4,49,32,0.0,5.2,155
33.23,2026-10-06 04:00:00,30.6,45,67,0.0,5.8,154
33.23,2026-10-06 05:00:00,31.2,43,67,0.1,9.1,165
33.23,2026-10-06 06:00:00,32.2,39,98,0.4,8.1,148
33.23,2026-10-06 07:00:00,30.3,48,98,0.5,14.2,162
33.23,2026-10-06 08:00:00,29.4,50,100,0.4,17.8,172
33.23,2026-10-06 09:00:00,27.1,62,98,0.0,20.5,177
33.23,2026-10-06 10:00:00,25.1,73,97,0.0,17.1,180
33.23,2026-10-06 11:00:00,23.2,84,75,0.0,13.6,169
33.23,2026-10-06 12:00:00,23.0,87,54,0.0,9.7,170
33.23,2026-10-06 13:00:00,22.5,91,66,0.0,9.4,169
33.23,2026-10-06 14:00:00,21.6,96,75,0.0,6.3,178
33.23,2026-10-06 15:00:00,21.4,98,99,0.0,5.8,187
33.23,2026-10-06 16:00:00,21.0,98,99,0.0,5.6,184
33.23,2026-10-06 17:00:00,20.6,98,99,0.0,5.6,195
33.23,2026-10-06 18:00:00,20.1,99,100,0.0,3.5,231
33.23,2026-10-06 19:00:00,19.6,100,100,0.0,4.2,220
33.23,2026-10-06 20:00:00,19.4,99,100,0.0,3.8,221
33.23,2026-10-06 21:00:00,19.1,100,100,0.0,4.3,225
33.23,2026-10-06 22:00:00,18.8,99,100,0.0,3.7,231
33.23,2026-10-06 23:00:00,18.9,99,100,0.0,5.0,221
33.23,2026-10-07 00:00:00,21.6,86,100,0.0,5.9,182
33.23,2026-10-07 01:00:00,23.7,75,100,0.0,9.0,180
33.23,2026-10-07 02:00:00,25.8,66,99,0.0,11.6,176
33.23,2026-10-07 03:00:00,27.2,59,99,0.0,13.5,175
33.23,2026-10-07 04:00:00,28.0,55,99,0.0,13.5,161
33.23,2026-10-07 05:00:00,29.4,50,90,0.0,13.0,160
33.23,2026-10-07 06:00:00,31.0,42,62,0.1,7.1,161
33.23,2026-10-07 07:00:00,30.7,43,88,0.0,9.1,166
33.23,2026-10-07 08:00:00,29.7,47,88,0.1,8.5,168
33.23,2026-10-07 09:00:00,26.8,65,56,0.5,11.3,167
33.23,2026-10-07 10:00:00,23.4,87,99,0.9,11.7,163
33.23,2026-10-07 11:00:00,22.6,88,98,0.1,11.0,178
33.23,2026-10-07 12:00:00,22.3,95,99,0.0,8.3,178
33.23,2026-10-07 13:00:00,21.5,96,98,0.1,9.8,167
33.23,2026-10-07 14:00:00,21.3,97,98,0.0,8.8,176
33.23,2026-10-07 15:00:00,21.0,98,100,0.0,8.3,181
33.23,2026-10-07 16:00:00,20.7,99,98,0.0,8.8,176
33.23,2026-10-07 17:00:00,20.6,98,98,0.1,8.6,181
33.23,2026-10-07 18:00:00,20.4,98,100,0.1,8.2,189
33.23,2026-10-07 19:00:00,20.3,98,99,0.1,7.6,188
33.23,2026-10-07 20:00:00,20.2,99,98,0.1,7.6,187
33.23,2026-10-07 21:00:00,20.1,99,99,0.1,8.2,189
33.23,2026-10-07 22:00:00,20.2,98,99,0.1,7.5,188
33.23,2026-10-07 23:00:00,20.1,98,96,0.0,8.5,186
33.23,2026-10-08 00:00:00,20.8,95,91,0.0,10.3,184
33.24,2026-10-06 01:00:00,30.2,55,30,0.0,2.4,138
33.24,2026-10-06 02:00:00,31.5,54,43,0.0,5.2,46
33.24,2026-10-06 03:00:00,31.8,57,27,0.0,11.7,36
33.24,2026-10-06 04:00:00,32.5,53,82,0.0,12.5,32
33.24,2026-10-06 05:00:00,33.5,48,81,0.0,12.5,27
33.24,2026-10-06 06:00:00,34.5,48,99,0.0,15.3,25
33.24,2026-10-06 07:00:00,34.3,50,77,0.0,16.7,25
33.24,2026-10-06 08:00:00,32.0,57,99,0.0,21.4,359
33.24,2026-10-06 09:00:00,31.3,60,98,0.0,16.0,346
33.24,2026-10-06 10:00:00,30.6,61,94,0.0,11.1,310
33.24,2026-10-06 11:00:00,30.0,63,81,0.0,11.4,297
33.24,2026-10-06 12:00:00,30.5,63,91,0.0,10.8,288
33.24,2026-10-06 13:00:00,30.1,65,98,0.0,4.5,256
33.24,2026-10-06 14:00:00,28.8,69,98,0.1,6.8,209
33.24,2026-10-06 15:00:00,28.2,70,98,0.0,9.0,211
33.24,2026-10-06 16:00:00,27.7,70,96,0.0,12.8,182
33.24,2026-10-06 17:00:00,27.0,73,98,0.0,9.8,197
33.24,2026-10-06 18:00:00,26.5,75,100,0.0,10.6,169
33.24,2026-10-06 19:00:00,26.0,76,100,0.0,9.2,173
33.24,2026-10-06 20:00:00,25.6,76,100,0.0,7.3,190
33.24,2026-10-06 21:00:00,25.3,76,100,0.0,7.1,199
33.24,2026-10-06 22:00:00,25.1,76,94,0.0,5.2,211
33.24,2026-10-06 23:00:00,25.3,74,98,0.0,5.8,206
33.24,2026-10-07 00:00:00,27.6,69,99,0.0,5.8,144
33.24,2026-10-07 01:00:00,29.7,62,100,0.0,4.5,130
33.24,2026-10-07 02:00:00,31.1,56,98,0.0,4.3,62
33.24,2026-10-07 03:00:00,31.8,57,98,0.0,9.3,29
33.24,2026-10-07 04:00:00,31.9,58,99,0.0,13.6,11
33.24,2026-10-07 05:00:00,32.7,53,100,0.0,12.6,357
33.24,2026-10-07 06:00:00,33.9,44,100,0.0,12.3,357
33.24,2026-10-07 07:00:00,33.4,49,100,0.0,13.8,334
33.24,2026-10-07 08:00:00,31.9,58,80,0.0,16.5,336
33.24,2026-10-07 09:00:00,31.0,60,39,0.0,14.1,339
33.24,2026-10-07 10:00:00,30.3,62,64,0.0,9.6,344
33.24,2026-10-07 11:00:00,29.8,65,98,0.0,9.3,351
33.24,2026-10-07 12:00:00,29.7,63,91,0.0,7.6,263
33.24,2026-10-07 13:00:00,29.2,65,62,0.0,4.4,263
33.24,2026-10-07 14:00:00,28.5,67,47,0.0,4.2,185
33.24,2026-10-07 15:00:00,27.7,68,84,0.0,8.8,184
33.24,2026-10-07 16:00:00,27.3,67,77,0.0,11.7,157
33.24,2026-10-07 17:00:00,26.9,69,96,0.0,14.0,150
33.24,2026-10-07 18:00:00,26.8,71,99,0.0,12.7,133
33.24,2026-10-07 19:00:00,26.7,69,97,0.0,11.9,128
33.24,2026-10-07 20:00:00,26.4,69,95,0.0,9.5,136
33.24,2026-10-07 21:00:00,26.2,69,95,0.0,7.0,132
33.24,2026-10-07 22:00:00,26.1,70,91,0.0,4.1,131
33.24,2026-10-07 23:00:00,26.5,67,91,0.0,6.8,140
33.24,2026-10-08 00:00:00,28.2,60,90,0.0,8.1,149
33.25,2026-10-06 01:00:00,30.3,60,20,0.0,4.4,125
33.25,2026-10-06 02:00:00,32.1,52,41,0.0,2.8,108
33.25,2026-10-06 03:00:00,33.5,47,65,0.0,2.7,53
33.25,2026-10-06 04:00:00,33.9,48,30,0.0,7.0,26
33.25,2026-10-06 05:00:00,33.6,50,98,0.0,9.7,35
33.25,2026-10-06 06:00:00,34.6,42,100,0.0,8.0,31
33.25,2026-10-06 07:00:00,34.5,41,100,0.0,4.3,33
33.25,2026-10-06 08:00:00,34.3,43,99,0.0,4.8,11
33.25,2026-10-06 09:00:00,33.3,48,96,0.0,10.7,8
33.25,2026-10-06 10:00:00,31.2,60,98,0.0,13.2,17
33.25,2026-10-06 11:00:00,30.4,64,86,0.0,10.3,22
33.25,2026-10-06 12:00:00,30.6,63,91,0.0,7.5,8
33.25,2026-10-06 13:00:00,30.4,63,97,0.0,5.5,341
33.25,2026-10-06 14:00:00,30.1,64,100,0.0,3.5,321
33.25,2026-10-06 15:00:00,29.6,68,99,0.0,1.7,347
33.25,2026-10-06 16:00:00,29.3,69,89,0.0,0.4,180
33.25,2026-10-06 17:00:00,28.2,75,80,0.1,9.6,57
33.25,2026-10-06 18:00:00,27.5,80,98,0.1,6.6,74
33.25,2026-10-06 19:00:00,26.6,85,100,0.0,5.4,98
33.25,2026-10-06 20:00:00,26.4,85,100,0.0,3.6,123
33.25,2026-10-06 21:00:00,26.4,85,100,0.0,6.1,71
33.25,2026-10-06 22:00:00,25.9,85,95,0.0,3.9,127
33.25,2026-10-06 23:00:00,25.7,84,97,0.0,4.4,142
33.25,2026-10-07 00:00:00,27.9,72,91,0.0,2.7,160
33.25,2026-10-07 01:00:00,30.0,62,91,0.0,2.2,104
33.25,2026-10-07 02:00:00,31.4,56,100,0.0,3.4,43
33.25,2026-10-07 03:00:00,32.4,53,95,0.0,4.6,45
33.25,2026-10-07 04:00:00,33.0,53,86,0.0,6.8,29
33.25,2026-10-07 05:00:00,33.1,53,89,0.0,8.7,17
33.25,2026-10-07 06:00:00,34.0,45,100,0.0,5.0,21
33.25,2026-10-07 07:00:00,33.2,49,100,0.1,5.4,8
33.25,2026-10-07 08:00:00,32.5,52,100,0.1,5.8,4
33.25,2026-10-07 09:00:00,31.6,56,98,0.0,4.6,13
33.25,2026-10-07 10:00:00,30.7,60,43,0.0,4.4,19
33.25,2026-10-07 11:00:00,30.1,62,84,0.0,4.9,33
33.25,2026-10-07 12:00:00,26.9,88,100,0.0,4.8,146
33.25,2026-10-07 13:00:00,27.6,81,98,0.1,1.7,193
33.25,2026-10-07 14:00:00,28.0,77,57,0.0,3.7,47
33.25,2026-10-07 15:00:00,28.3,74,93,0.0,5.5,41
33.25,2026-10-07 16:00:00,28.0,75,100,0.0,6.0,61
33.25,2026-10-07 17:00:00,27.5,80,100,0.0,4.5,88
33.25,2026-10-07 18:00:00,27.2,80,98,0.1,7.6,117
33.25,2026-10-07 19:00:00,26.5,85,98,0.1,3.6,143
33.25,2026-10-07 20:00:00,26.3,90,94,0.2,10.0,187
33.25,2026-10-07 21:00:00,25.9,92,98,0.0,9.7,183
33.25,2026-10-07 22:00:00,26.0,89,98,0.0,1.5,187
33.25,2026-10-07 23:00:00,26.4,86,100,0.0,2.9,173
33.25,2026-10-08 00:00:00,27.6,78,99,0.0,1.8,79
33.26,2026-10-06 01:00:00,29.4,67,32,0.0,4.5,130
33.26,2026-10-06 02:00:00,31.0,59,28,0.0,2.7,138
33.26,2026-10-06 03:00:00,32.7,51,95,0.0,1.4,140
33.26,2026-10-06 04:00:00,34.1,46,78,0.0,2.7,90
33.26,2026-10-06 05:00:00,34.8,44,88,0.0,6.6,55
33.26,2026-10-06 06:00:00,34.3,47,100,0.5,9.1,72
33.26,2026-10-06 07:00:00,33.4,52,99,1.0,7.9,87
33.26,2026-10-06 08:00:00,34.0,46,99,0.4,2.1,75
33.26,2026-10-06 09:00:00,33.1,54,92,0.6,6.2,216
33.26,2026-10-06 10:00:00,30.7,68,88,0.2,6.1,210
33.26,2026-10-06 11:00:00,29.0,76,98,0.0,4.5,164
33.26,2026-10-06 12:00:00,28.7,75,98,0.0,6.7,178
33.26,2026-10-06 13:00:00,28.0,77,98,0.1,7.1,189
33.26,2026-10-06 14:00:00,27.5,78,99,0.0,7.2,184
33.26,2026-10-06 15:00:00,27.0,79,99,0.0,7.4,181
33.26,2026-10-06 16:00:00,26.6,80,95,0.0,7.0,177
33.26,2026-10-06 17:00:00,26.2,80,90,0.0,8.0,189
33.26,2026-10-06 18:00:00,25.5,84,95,0.0,5.2,186
33.26,2026-10-06 19:00:00,25.7,83,100,0.0,5.9,194
33.26,2026-10-06 20:00:00,25.5,85,100,0.0,2.3,203
33.26,2026-10-06 21:00:00,25.4,86,98,0.0,2.5,188
33.26,2026-10-06 22:00:00,24.9,87,93,0.0,2.5,180
33.26,2026-10-06 23:00:00,25.1,88,98,0.0,5.8,185
33.26,2026-10-07 00:00:00,27.9,75,98,0.0,6.0,183
33.26,2026-10-07 01:00:00,29.5,66,70,0.0,4.6,193
33.26,2026-10-07 02:00:00,31.0,60,97,0.0,1.5,249
33.26,2026-10-07 03:00:00,32.0,54,99,0.0,2.7,332
33.26,2026-10-07 04:00:00,33.0,50,87,0.0,2.2,355
33.26,2026-10-07 05:00:00,33.6,47,84,0.0,3.9,16
33.26,2026-10-07 06:00:00,33.4,46,99,0.0,3.4,47
33.26,2026-10-07 07:00:00,32.6,50,100,0.1,3.4,108
33.26,2026-10-07 08:00:00,32.3,51,100,0.0,3.1,66
33.26,2026-10-07 09:00:00,32.0,53,98,0.0,4.3,42
33.26,2026-10-07 10:00:00,30.4,68,74,0.1,1.3,56
33.26,2026-10-07 11:00:00,29.0,69,64,0.0,0.9,233
33.26,2026-10-07 12:00:00,27.3,82,95,0.0,3.9,167
33.26,2026-10-07 13:00:00,26.8,81,89,0.1,5.8,196
33.26,2026-10-07 14:00:00,26.8,80,65,0.0,6.3,182
33.26,2026-10-07 15:00:00,26.7,80,100,0.0,5.0,182
33.26,2026-10-07 16:00:00,26.7,78,100,0.0,5.4,174
33.26,2026-10-07 17:00:00,26.4,81,86,0.0,3.5,171
33.26,2026-10-07 18:00:00,25.6,79,93,0.0,3.6,180
33.26,2026-10-07 19:00:00,25.3,77,99,0.0,7.6,183
33.26,2026-10-07 20:00:00,25.4,79,95,0.0,6.4,169
33.26,2026-10-07 21:00:00,24.7,81,95,0.0,4.1,151
33.26,2026-10-07 22:00:00,24.1,83,98,0.0,3.6,210
33.26,2026-10-07 23:00:00,24.4,83,98,0.0,3.1,170
33.26,2026-10-08 00:00:00,27.0,74,100,0.0,3.5,111
33.27,2026-10-06 01:00:00,30.0,57,28,0.0,6.1,150
33.27,2026-10-06 02:00:00,32.0,52,44,0.0,5.7,131
33.27,2026-10-06 03:00:00,33.9,45,84,0.0,4.8,135
33.27,2026-10-06 04:00:00,35.1,41,66,0.0,3.2,63
33.27,2026-10-06 05:00:00,35.0,43,80,0.0,9.4,18
33.27,2026-10-06 06:00:00,34.5,45,100,0.3,15.0,17
33.27,2026-10-06 07:00:00,34.4,45,100,0.2,13.1,23
33.27,2026-10-06 08:00:00,33.7,47,98,0.1,11.3,22
33.27,2026-10-06 09:00:00,33.6,46,90,0.0,4.6,101
33.27,2026-10-06 10:00:00,31.3,56,87,0.0,19.0,149
33.27,2026-10-06 11:00:00,29.1,63,99,0.0,24.3,151
33.27,2026-10-06 12:00:00,28.7,66,100,0.0,18.9,144
33.27,2026-10-06 13:00:00,28.4,67,98,0.0,16.1,149
33.27,2026-10-06 14:00:00,28.3,66,100,0.0,14.5,169
33.27,2026-10-06 15:00:00,28.2,66,100,0.0,9.5,178
33.27,2026-10-06 16:00:00,27.8,68,98,0.0,9.0,186
33.27,2026-10-06 17:00:00,27.3,70,84,0.0,6.4,205
33.27,2026-10-06 18:00:00,26.8,73,85,0.0,5.4,222
33.27,2026-10-06 19:00:00,26.5,75,100,0.0,5.2,192
33.27,2026-10-06 20:00:00,26.1,77,100,0.0,4.0,180
33.27,2026-10-06 21:00:00,25.8,79,82,0.0,1.7,131
33.27,2026-10-06 22:00:00,25.4,81,54,0.0,1.9,151
33.27,2026-10-06 23:00:00,25.5,82,77,0.0,4.4,189
33.27,2026-10-07 00:00:00,27.2,71,100,0.0,5.9,166
33.27,2026-10-07 01:00:00,29.3,61,91,0.0,7.2,166
33.27,2026-10-07 02:00:00,31.9,51,61,0.0,7.2,161
33.27,2026-10-07 03:00:00,33.7,43,98,0.0,5.6,159
33.27,2026-10-07 04:00:00,34.5,40,100,0.1,2.2,76
33.27,2026-10-07 05:00:00,33.6,46,96,0.4,9.7,10
33.27,2026-10-07 06:00:00,32.8,49,98,1.4,14.2,12
33.27,2026-10-07 07:00:00,32.6,50,100,0.1,11.3,9
33.27,2026-10-07 08:00:00,32.1,53,100,0.1,8.5,4
33.27,2026-10-07 09:00:00,31.5,54,98,0.0,9.0,1
33.27,2026-10-07 10:00:00,30.8,56,85,0.0,6.2,44
33.27,2026-10-07 11:00:00,29.6,60,63,0.0,8.7,108
33.27,2026-10-07 12:00:00,29.3,63,79,0.0,12.6,146
33.27,2026-10-07 13:00:00,28.0,67,84,0.0,18.8,153
33.27,2026-10-07 14:00:00,27.8,67,92,0.0,15.5,165
33.27,2026-10-07 15:00:00,27.9,66,95,0.0,12.5,185
33.27,2026-10-07 16:00:00,27.6,67,97,0.0,10.5,185
33.27,2026-10-07 17:00:00,27.2,68,100,0.0,11.4,186
33.27,2026-10-07 18:00:00,26.7,69,98,0.0,11.5,180
33.27,2026-10-07 19:00:00,26.1,72,98,0.1,8.6,168
33.27,2026-10-07 20:00:00,25.9,74,79,0.2,10.0,146
33.27,2026-10-07 21:00:00,25.7,75,73,0.2,9.8,157
33.27,2026-10-07 22:00:00,25.4,76,88,0.3,9.8,173
33.27,2026-10-07 23:00:00,25.6,77,95,0.2,8.1,208
33.27,2026-10-08 00:00:00,27.8,62,97,0.0,6.5,214
33.28,2026-10-06 01:00:00,29.8,58,52,0.0,3.3,257
33.28,2026-10-06 02:00:00,31.9,50,48,0.0,3.4,238
33.28,2026-10-06 03:00:00,33.7,45,51,0.0,4.7,223
33.28,2026-10-06 04:00:00,35.3,40,94,0.0,6.6,202
33.28,2026-10-06 05:00:00,36.8,35,77,0.0,3.7,191
33.28,2026-10-06 06:00:00,37.4,32,98,0.0,2.7,98
33.28,2026-10-06 07:00:00,37.1,34,100,0.0,4.1,67
33.28,2026-10-06 08:00:00,35.9,37,100,0.0,5.5,19
33.28,2026-10-06 09:00:00,34.8,40,93,0.0,7.1,351
33.28,2026-10-06 10:00:00,33.5,44,61,0.0,8.1,348
33.28,2026-10-06 11:00:00,31.6,50,79,0.0,6.6,299
33.28,2026-10-06 12:00:00,31.0,55,98,0.0,7.6,274
33.28,2026-10-06 13:00:00,29.5,63,99,0.0,10.2,247
33.28,2026-10-06 14:00:00,28.5,68,100,0.0,7.6,242
33.28,2026-10-06 15:00:00,27.8,70,99,0.0,6.9,253
33.28,2026-10-06 16:00:00,27.0,73,99,0.0,8.3,250
33.28,2026-10-06 17:00:00,26.4,75,88,0.0,7.1,246
33.28,2026-10-06 18:00:00,26.2,75,92,0.0,8.1,257
33.28,2026-10-06 19:00:00,25.3,80,85,0.1,7.5,253
33.28,2026-10-06 20:00:00,24.9,83,100,0.0,4.1,283
33.28,2026-10-06 21:00:00,24.7,84,93,0.0,6.4,241
33.28,2026-10-06 22:00:00,24.5,84,55,0.0,5.0,232
33.28,2026-10-06 23:00:00,24.9,80,80,0.0,5.6,239
33.28,2026-10-07 00:00:00,27.1,70,94,0.0,6.4,281
33.28,2026-10-07 01:00:00,29.5,60,95,0.0,8.4,263
33.28,2026-10-07 02:00:00,31.8,50,50,0.0,7.9,269
33.28,2026-10-07 03:00:00,33.5,44,91,0.0,6.0,261
33.28,2026-10-07 04:00:00,34.7,40,100,0.0,3.8,225
33.28,2026-10-07 05:00:00,36.1,36,99,0.0,1.5,166
33.28,2026-10-07 06:00:00,35.8,34,99,0.0,6.2,41
33.28,2026-10-07 07:00:00,35.5,35,99,0.2,5.2,68
33.28,2026-10-07 08:00:00,34.8,38,100,0.3,7.1,83
33.28,2026-10-07 09:00:00,34.3,39,100,0.0,5.1,54
33.28,2026-10-07 10:00:00,32.8,43,81,0.0,6.0,335
33.28,2026-10-07 11:00:00,30.9,50,45,0.0,6.9,345
33.28,2026-10-07 12:00:00,30.5,57,84,0.0,6.2,343
33.28,2026-10-07 13:00:00,29.0,62,57,0.0,7.0,282
33.28,2026-10-07 14:00:00,27.6,68,94,0.0,8.0,239
33.28,2026-10-07 15:00:00,27.0,70,91,0.0,7.5,237
33.28,2026-10-07 16:00:00,26.7,72,98,0.0,7.0,247
33.28,2026-10-07 17:00:00,26.0,75,98,0.0,8.3,259
33.28,2026-10-07 18:00:00,25.8,76,65,0.0,8.8,258
33.28,2026-10-07 19:00:00,25.2,80,97,0.0,8.9,256
33.28,2026-10-07 20:00:00,24.9,81,82,0.0,6.9,265
33.28,2026-10-07 21:00:00,24.2,84,61,0.0,4.2,288
33.28,2026-10-07 22:00:00,23.9,84,88,0.0,4.5,272
33.28,2026-10-07 23:00:00,24.3,81,95,0.0,6.1,275
33.28,2026-10-08 00:00:00,26.7,67,92,0.0,5.4,274
33.29,2026-10-06 01:00:00,29.0,60,59,0.0,8.7,185
33.29,2026-10-06 02:00:00,31.1,53,36,0.0,9.3,188
33.29,2026-10-06 03:00:00,33.2,46,52,0.0,7.4,184
33.29,2026-10-06 04:00:00,34.7,41,90,0.0,3.4,133
33.29,2026-10-06 05:00:00,34.9,40,77,0.0,4.2,47
33.29,2026-10-06 06:00:00,34.1,47,98,0.1,11.4,37
33.29,2026-10-06 07:00:00,33.3,52,98,0.1,16.2,44
33.29,2026-10-06 08:00:00,32.8,53,100,0.1,13.4,50
33.29,2026-10-06 09:00:00,32.9,49,95,0.1,3.1,111
33.29,2026-10-06 10:00:00,32.0,51,72,0.0,9.8,215
33.29,2026-10-06 11:00:00,30.1,56,89,0.0,11.4,221
33.29,2026-10-06 12:00:00,29.4,61,100,0.0,10.5,218
33.29,2026-10-06 13:00:00,27.9,68,99,0.0,14.0,215
33.29,2026-10-06 14:00:00,27.0,74,99,0.0,15.2,217
33.29,2026-10-06 15:00:00,26.7,76,100,0.0,14.1,214
33.29,2026-10-06 16:00:00,26.6,76,100,0.0,12.9,221
33.29,2026-10-06 17:00:00,26.3,76,62,0.0,12.8,219
33.29,2026-10-06 18:00:00,26.1,76,88,0.0,13.3,207
33.29,2026-10-06 19:00:00,25.6,79,80,0.0,14.3,205
33.29,2026-10-06 20:00:00,25.2,81,100,0.0,11.8,200
33.29,2026-10-06 21:00:00,25.3,80,94,0.0,13.0,199
33.29,2026-10-06 22:00:00,25.1,80,82,0.0,13.3,196
33.29,2026-10-06 23:00:00,25.1,80,93,0.0,14.4,189
33.29,2026-10-07 00:00:00,26.6,73,63,0.0,11.8,187
33.29,2026-10-07 01:00:00,28.7,64,86,0.0,11.4,192
33.29,2026-10-07 02:00:00,31.1,53,99,0.0,10.6,198
33.29,2026-10-07 03:00:00,33.2,45,95,0.0,6.6,197
33.29,2026-10-07 04:00:00,33.7,43,99,0.2,0.7,14
33.29,2026-10-07 05:00:00,32.6,49,98,0.7,7.2,4
33.29,2026-10-07 06:00:00,32.5,50,95,0.4,12.2,24
33.29,2026-10-07 07:00:00,32.0,54,97,0.2,14.3,35
33.29,2026-10-07 08:00:00,31.4,57,100,0.1,14.9,37
33.29,2026-10-07 09:00:00,31.0,57,99,0.1,12.2,27
33.29,2026-10-07 10:00:00,30.5,57,96,0.1,2.6,344
33.29,2026-10-07 11:00:00,29.5,57,84,0.0,10.2,221
33.29,2026-10-07 12:00:00,29.0,61,80,0.0,12.3,220
33.29,2026-10-07 13:00:00,27.8,66,92,0.0,17.3,205
33.29,2026-10-07 14:00:00,26.8,72,98,0.0,16.3,208
33.29,2026-10-07 15:00:00,26.3,75,88,0.0,15.4,207
33.29,2026-10-07 16:00:00,26.1,76,98,0.0,15.1,207
33.29,2026-10-07 17:00:00,25.7,77,89,0.0,15.8,203
33.29,2026-10-07 18:00:00,25.2,80,77,0.0,15.7,202
33.29,2026-10-07 19:00:00,24.9,81,95,0.0,15.1,197
33.29,2026-10-07 20:00:00,24.9,79,95,0.0,14.2,198
33.29,2026-10-07 21:00:00,25.0,78,69,0.0,13.3,196
33.29,2026-10-07 22:00:00,24.8,79,87,0.0,13.6,192
33.29,2026-10-07 23:00:00,24.9,78,97,0.0,13.5,192
33.29,2026-10-08 00:00:00,26.6,69,92,0.0,14.8,196
33.71,2026-10-06 01:00:00,25.4,72,22,0.0,3.5,258
33.71,2026-10-06 02:00:00,27.7,62,34,0.0,6.8,228
33.71,2026-10-06 03:00:00,29.3,56,29,0.0,9.1,221
33.71,2026-10-06 04:00:00,30.0,53,51,0.1,11.0,208
33.71,2026-10-06 05:00:00,30.8,49,59,0.0,11.2,186
33.71,2026-10-06 06:00:00,31.9,46,90,0.0,10.3,169
33.71,2026-10-06 07:00:00,32.2,42,99,0.0,11.3,190
33.71,2026-10-06 08:00:00,30.4,52,100,0.0,16.2,192
33.71,2026-10-06 09:00:00,28.3,63,98,0.0,13.9,181
33.71,2026-10-06 10:00:00,26.6,69,97,0.0,14.6,190
33.71,2026-10-06 11:00:00,25.3,75,81,0.0,11.8,192
33.71,2026-10-06 12:00:00,24.8,81,61,0.0,9.0,195
33.71,2026-10-06 13:00:00,24.1,85,73,0.0,7.5,215
33.71,2026-10-06 14:00:00,23.2,91,63,0.0,5.4,222
33.71,2026-10-06 15:00:00,22.9,92,97,0.0,6.2,224
33.71,2026-10-06 16:00:00,22.4,94,96,0.0,3.9,223
33.71,2026-10-06 17:00:00,22.0,97,98,0.0,3.4,238
33.71,2026-10-06 18:00:00,21.0,100,100,0.0,0.8,45
33.71,2026-10-06 19:00:00,20.7,100,100,0.0,2.0,153
33.71,2026-10-06 20:00:00,20.5,100,100,0.0,1.1,162
33.71,2026-10-06 21:00:00,20.2,100,100,0.0,0.6,34
33.71,2026-10-06 22:00:00,19.8,100,100,0.0,0.6,34
33.71,2026-10-06 23:00:00,20.3,99,100,0.0,2.2,351
33.71,2026-10-07 00:00:00,23.1,83,99,0.0,3.6,210
33.71,2026-10-07 01:00:00,24.9,74,100,0.0,6.4,207
33.71,2026-10-07 02:00:00,26.7,66,99,0.0,9.5,205
33.71,2026-10-07 03:00:00,27.7,62,99,0.0,11.3,202
33.71,2026-10-07 04:00:00,28.8,57,99,0.0,10.6,190
33.71,2026-10-07 05:00:00,30.4,51,89,0.0,9.9,175
33.71,2026-10-07 06:00:00,30.9,48,40,0.0,6.3,175
33.71,2026-10-07 07:00:00,31.1,46,88,0.0,8.0,172
33.71,2026-10-07 08:00:00,30.2,49,90,0.0,11.6,186
33.71,2026-10-07 09:00:00,28.7,55,48,0.0,15.4,190
33.71,2026-10-07 10:00:00,26.8,63,70,0.0,14.7,194
33.71,2026-10-07 11:00:00,25.2,70,94,0.0,10.2,203
33.71,2026-10-07 12:00:00,24.6,80,100,0.0,8.2,206
33.71,2026-10-07 13:00:00,23.8,84,100,0.0,8.6,202
33.71,2026-10-07 14:00:00,23.2,88,100,0.0,7.7,213
33.71,2026-10-07 15:00:00,22.8,91,99,0.0,6.8,205
33.71,2026-10-07 16:00:00,22.2,95,99,0.0,6.5,208
33.71,2026-10-07 17:00:00,22.2,94,100,0.0,6.3,215
33.71,2026-10-07 18:00:00,22.5,91,100,0.0,6.8,220
33.71,2026-10-07 19:00:00,22.2,92,99,0.1,6.9,221
33.71,2026-10-07 20:00:00,22.0,93,97,0.0,5.7,229
33.71,2026-10-07 21:00:00,21.9,94,100,0.0,5.8,219
33.71,2026-10-07 22:00:00,22.0,94,97,0.0,6.1,212
33.71,2026-10-07 23:00:00,22.2,93,92,0.0,6.9,203
33.71,2026-10-08 00:00:00,22.8,87,78,0.0,7.2,192
33.72,2026-10-06 01:00:00,28.1,64,93,0.0,9.7,209
33.72,2026-10-06 02:00:00,30.1,56,13,0.0,7.5,195
33.72,2026-10-06 03:00:00,32.2,48,23,0.0,5.2,178
33.72,2026-10-06 04:00:00,34.0,40,35,0.0,4.1,146
33.72,2026-10-06 05:00:00,35.1,36,40,0.0,5.3,125
33.72,2026-10-06 06:00:00,36.2,29,98,0.0,7.1,111
33.72,2026-10-06 07:00:00,36.7,27,99,0.0,5.7,118
33.72,2026-10-06 08:00:00,36.3,28,98,0.0,7.1,131
33.72,2026-10-06 09:00:00,32.6,47,98,0.0,17.4,170
33.72,2026-10-06 10:00:00,30.4,56,98,0.0,14.4,200
33.72,2026-10-06 11:00:00,28.8,63,77,0.0,18.0,206
33.72,2026-10-06 12:00:00,27.6,70,32,0.0,19.5,230
33.72,2026-10-06 13:00:00,27.1,72,34,0.0,19.0,228
33.72,2026-10-06 14:00:00,26.6,73,38,0.0,17.4,235
33.72,2026-10-06 15:00:00,26.2,75,98,0.0,17.0,231
33.72,2026-10-06 16:00:00,25.8,77,88,0.0,16.3,226
33.72,2026-10-06 17:00:00,25.5,79,91,0.0,16.0,225
33.72,2026-10-06 18:00:00,25.1,79,97,0.0,15.5,223
33.72,2026-10-06 19:00:00,24.7,81,100,0.0,15.2,222
33.72,2026-10-06 20:00:00,24.5,83,99,0.0,14.0,222
33.72,2026-10-06 21:00:00,24.4,84,92,0.0,12.4,221
33.72,2026-10-06 22:00:00,24.2,85,99,0.0,12.0,220
33.72,2026-10-06 23:00:00,24.6,83,99,0.0,12.5,220
33.72,2026-10-07 00:00:00,26.1,75,98,0.0,14.4,218
33.72,2026-10-07 01:00:00,27.9,66,95,0.0,12.9,215
33.72,2026-10-07 02:00:00,30.1,55,95,0.0,11.5,212
33.72,2026-10-07 03:00:00,31.6,49,96,0.0,10.7,213
33.72,2026-10-07 04:00:00,32.9,44,89,0.0,10.5,207
33.72,2026-10-07 05:00:00,33.8,40,58,0.1,8.8,208
33.72,2026-10-07 06:00:00,34.8,37,73,0.0,7.7,219
33.72,2026-10-07 07:00:00,35.2,35,95,0.0,5.4,240
33.72,2026-10-07 08:00:00,35.1,34,70,0.0,4.8,228
33.72,2026-10-07 09:00:00,32.5,42,67,0.0,14.0,179
33.72,2026-10-07 10:00:00,30.3,51,73,0.2,14.7,199
33.72,2026-10-07 11:00:00,28.9,55,84,0.0,16.3,213
33.72,2026-10-07 12:00:00,27.4,65,89,0.0,18.3,216
33.72,2026-10-07 13:00:00,26.7,69,100,0.0,18.9,229
33.72,2026-10-07 14:00:00,26.1,73,100,0.0,19.8,230
33.72,2026-10-07 15:00:00,25.7,75,99,0.0,19.5,225
33.72,2026-10-07 16:00:00,25.3,77,99,0.0,18.7,223
33.72,2026-10-07 17:00:00,25.0,79,100,0.0,16.8,228
33.72,2026-10-07 18:00:00,24.7,80,98,0.0,16.3,228
33.72,2026-10-07 19:00:00,24.6,81,89,0.0,15.7,227
33.72,2026-10-07 20:00:00,24.4,82,72,0.0,14.5,227
33.72,2026-10-07 21:00:00,24.2,83,55,0.0,14.1,226
33.72,2026-10-07 22:00:00,24.0,85,41,0.0,14.1,222
33.72,2026-10-07 23:00:00,24.3,83,70,0.0,14.4,224
33.72,2026-10-08 00:00:00,25.9,74,55,0.0,15.7,219
33.73,2026-10-06 01:00:00,27.3,56,25,0.0,4.9,82
33.73,2026-10-06 02:00:00,28.6,54,20,0.0,7.6,65
33.73,2026-10-06 03:00:00,29.6,49,19,0.0,10.0,67
33.73,2026-10-06 04:00:00,30.4,44,46,0.0,11.1,73
33.73,2026-10-06 05:00:00,31.0,41,59,0.0,13.5,78
33.73,2026-10-06 06:00:00,31.6,40,98,0.0,13.3,74
33.73,2026-10-06 07:00:00,31.3,41,100,0.0,13.1,69
33.73,2026-10-06 08:00:00,30.8,43,99,0.0,12.5,72
33.73,2026-10-06 09:00:00,29.9,44,99,0.0,11.2,58
33.73,2026-10-06 10:00:00,28.4,52,98,0.0,4.9,82
33.73,2026-10-06 11:00:00,25.9,67,89,0.0,4.0,188
33.73,2026-10-06 12:00:00,25.5,72,75,0.0,5.6,197
33.73,2026-10-06 13:00:00,24.8,79,59,0.0,3.2,232
33.73,2026-10-06 14:00:00,24.3,82,55,0.0,5.0,244
33.73,2026-10-06 15:00:00,24.0,85,95,0.0,3.8,275
33.73,2026-10-06 16:00:00,24.1,85,98,0.0,4.7,293
33.73,2026-10-06 17:00:00,23.5,88,99,0.0,2.9,263
33.73,2026-10-06 18:00:00,22.7,89,100,0.0,3.6,243
33.73,2026-10-06 19:00:00,22.3,90,100,0.0,1.9,253
33.73,2026-10-06 20:00:00,22.1,90,100,0.0,3.1,257
33.73,2026-10-06 21:00:00,21.9,89,94,0.0,3.6,252
33.73,2026-10-06 22:00:00,21.6,89,98,0.0,2.9,240
33.73,2026-10-06 23:00:00,22.4,86,99,0.0,2.3,238
33.73,2026-10-07 00:00:00,25.5,72,99,0.0,2.2,114
33.73,2026-10-07 01:00:00,26.8,63,100,0.0,7.0,78
33.73,2026-10-07 02:00:00,27.7,60,100,0.0,9.2,64
33.73,2026-10-07 03:00:00,28.8,56,100,0.0,9.5,61
33.73,2026-10-07 04:00:00,29.7,52,98,0.1,9.0,59
33.73,2026-10-07 05:00:00,30.2,49,41,0.2,9.8,59
33.73,2026-10-07 06:00:00,30.7,47,66,0.2,9.9,53
33.73,2026-10-07 07:00:00,30.2,47,95,0.0,10.3,49
33.73,2026-10-07 08:00:00,29.5,49,59,0.0,9.3,56
33.73,2026-10-07 09:00:00,29.0,51,66,0.0,9.7,59
33.73,2026-10-07 10:00:00,27.8,55,92,0.0,7.7,51
33.73,2026-10-07 11:00:00,25.9,68,96,0.0,3.8,41
33.73,2026-10-07 12:00:00,24.6,86,96,0.0,3.6,213
33.73,2026-10-07 13:00:00,24.0,90,81,0.0,3.6,252
33.73,2026-10-07 14:00:00,23.3,91,98,0.0,3.7,247
33.73,2026-10-07 15:00:00,22.8,92,99,0.0,2.6,254
33.73,2026-10-07 16:00:00,22.3,93,100,0.0,2.4,257
33.73,2026-10-07 17:00:00,22.3,92,98,0.0,3.1,270
33.73,2026-10-07 18:00:00,22.4,89,100,0.0,4.5,254
33.73,2026-10-07 19:00:00,21.9,91,97,0.0,2.2,256
33.73,2026-10-07 20:00:00,21.8,90,98,0.0,1.9,236
33.73,2026-10-07 21:00:00,21.4,90,96,0.0,3.6,221
33.73,2026-10-07 22:00:00,21.3,89,65,0.0,4.7,220
33.73,2026-10-07 23:00:00,22.2,84,75,0.0,6.0,231
33.73,2026-10-08 00:00:00,24.8,73,68,0.0,3.7,203
33.74,2026-10-06 01:00:00,30.8,54,30,0.0,3.1,90
33.74,2026-10-06 02:00:00,32.6,44,7,0.0,6.1,87
33.74,2026-10-06 03:00:00,34.2,38,30,0.0,8.6,98
33.74,2026-10-06 04:00:00,35.5,35,47,0.0,10.4,105
33.74,2026-10-06 05:00:00,36.3,32,81,0.0,11.7,95
33.74,2026-10-06 06:00:00,37.3,29,98,0.0,15.5,103
33.74,2026-10-06 07:00:00,36.9,29,98,0.0,12.4,90
33.74,2026-10-06 08:00:00,34.1,44,100,0.0,10.0,8
33.74,2026-10-06 09:00:00,32.2,60,100,0.0,10.0,354
33.74,2026-10-06 10:00:00,31.2,67,91,0.0,9.1,330
33.74,2026-10-06 11:00:00,30.5,65,99,0.0,13.4,297
33.74,2026-10-06 12:00:00,30.9,57,72,0.0,14.3,266
33.74,2026-10-06 13:00:00,30.8,57,86,0.0,6.5,238
33.74,2026-10-06 14:00:00,30.4,59,97,0.0,5.2,84
33.74,2026-10-06 15:00:00,29.7,64,98,0.0,11.2,52
33.74,2026-10-06 16:00:00,29.1,67,97,0.0,9.2,43
33.74,2026-10-06 17:00:00,28.7,68,98,0.0,6.4,54
33.74,2026-10-06 18:00:00,28.5,68,99,0.0,3.0,104
33.74,2026-10-06 19:00:00,27.9,69,99,0.0,3.7,119
33.74,2026-10-06 20:00:00,27.5,69,99,0.0,4.0,122
33.74,2026-10-06 21:00:00,27.1,70,87,0.0,4.4,120
33.74,2026-10-06 22:00:00,26.7,72,92,0.0,2.8,125
33.74,2026-10-06 23:00:00,26.8,71,100,0.0,2.3,135
33.74,2026-10-07 00:00:00,28.3,66,100,0.0,4.1,103
33.74,2026-10-07 01:00:00,30.1,58,99,0.0,4.4,99
33.74,2026-10-07 02:00:00,31.9,49,99,0.0,5.6,94
33.74,2026-10-07 03:00:00,33.5,42,99,0.0,7.4,103
33.74,2026-10-07 04:00:00,34.6,38,99,0.0,6.5,95
33.74,2026-10-07 05:00:00,34.8,39,90,0.0,6.2,10
33.74,2026-10-07 06:00:00,35.3,37,53,0.3,8.0,23
33.74,2026-10-07 07:00:00,34.1,42,88,0.1,14.8,5
33.74,2026-10-07 08:00:00,31.4,58,33,0.5,17.7,343
33.74,2026-10-07 09:00:00,31.0,58,36,0.0,12.3,322
33.74,2026-10-07 10:00:00,30.6,59,99,0.0,10.9,309
33.74,2026-10-07 11:00:00,29.9,60,92,0.0,11.4,295
33.74,2026-10-07 12:00:00,30.2,63,94,0.0,11.4,296
33.74,2026-10-07 13:00:00,29.7,66,63,0.0,10.2,277
33.74,2026-10-07 14:00:00,28.9,67,70,0.0,5.6,147
33.74,2026-10-07 15:00:00,27.2,77,80,0.0,11.9,80
33.74,2026-10-07 16:00:00,26.8,81,92,0.0,9.0,37
33.74,2026-10-07 17:00:00,26.9,79,100,0.0,4.2,40
33.74,2026-10-07 18:00:00,27.2,76,96,0.0,6.5,48
33.74,2026-10-07 19:00:00,26.9,73,98,0.0,5.4,124
33.74,2026-10-07 20:00:00,26.5,74,97,0.0,7.3,132
33.74,2026-10-07 21:00:00,26.1,80,91,0.0,7.2,127
33.74,2026-10-07 22:00:00,25.9,79,75,0.0,5.9,130
33.74,2026-10-07 23:00:00,26.2,74,61,0.0,4.3,138
33.74,2026-10-08 00:00:00,28.2,63,59,0.0,3.1,97
33.75,2026-10-06 01:00:00,30.6,61,27,0.0,4.9,126
33.75,2026-10-06 02:00:00,32.3,53,36,0.0,4.2,133
33.75,2026-10-06 03:00:00,34.1,45,82,0.0,3.3,119
33.75,2026-10-06 04:00:00,35.2,41,53,0.0,5.9,63
33.75,2026-10-06 05:00:00,35.3,43,94,0.0,11.1,51
33.75,2026-10-06 06:00:00,35.5,40,100,0.0,10.6,58
33.75,2026-10-06 07:00:00,35.3,39,99,0.0,8.8,64
33.75,2026-10-06 08:00:00,35.0,41,98,0.0,6.6,43
33.75,2026-10-06 09:00:00,34.2,45,95,0.1,7.0,360
33.75,2026-10-06 10:00:00,32.3,53,93,0.2,8.9,352
33.75,2026-10-06 11:00:00,31.4,59,91,0.0,6.6,16
33.75,2026-10-06 12:00:00,31.1,61,98,0.0,2.9,349
33.75,2026-10-06 13:00:00,30.5,63,98,0.0,4.0,291
33.75,2026-10-06 14:00:00,29.9,65,99,0.0,3.8,253
33.75,2026-10-06 15:00:00,29.5,67,98,0.0,2.3,198
33.75,2026-10-06 16:00:00,28.9,69,94,0.0,3.1,201
33.75,2026-10-06 17:00:00,28.3,71,80,0.0,2.3,86
33.75,2026-10-06 18:00:00,27.5,76,98,0.0,3.1,100
33.75,2026-10-06 19:00:00,27.0,79,100,0.0,1.9,158
33.75,2026-10-06 20:00:00,26.8,80,100,0.0,0.6,198
33.75,2026-10-06 21:00:00,26.8,81,97,0.0,2.3,67
33.75,2026-10-06 22:00:00,26.3,83,89,0.0,2.2,171
33.75,2026-10-06 23:00:00,26.2,82,98,0.0,3.6,174
33.75,2026-10-07 00:00:00,28.4,68,98,0.0,4.6,171
33.75,2026-10-07 01:00:00,30.5,59,74,0.0,2.8,145
33.75,2026-10-07 02:00:00,32.0,53,98,0.0,1.7,58
33.75,2026-10-07 03:00:00,33.2,48,98,0.0,3.5,51
33.75,2026-10-07 04:00:00,34.3,43,77,0.0,6.4,36
33.75,2026-10-07 05:00:00,34.2,46,88,0.3,9.8,23
33.75,2026-10-07 06:00:00,34.6,41,100,0.1,7.0,35
33.75,2026-10-07 07:00:00,34.0,44,100,0.2,5.7,35
33.75,2026-10-07 08:00:00,33.1,49,100,0.2,5.7,24
33.75,2026-10-07 09:00:00,32.3,53,88,0.0,6.8,27
33.75,2026-10-07 10:00:00,31.2,57,39,0.0,6.8,18
33.75,2026-10-07 11:00:00,30.5,59,78,0.0,5.9,346
33.75,2026-10-07 12:00:00,28.4,75,100,0.0,3.1,83
33.75,2026-10-07 13:00:00,28.4,74,90,0.0,3.5,219
33.75,2026-10-07 14:00:00,28.3,74,47,0.0,0.4,207
33.75,2026-10-07 15:00:00,28.3,74,85,0.0,1.2,321
33.75,2026-10-07 16:00:00,28.2,74,90,0.0,3.1,83
33.75,2026-10-07 17:00:00,27.8,75,99,0.0,2.2,90
33.75,2026-10-07 18:00:00,27.1,81,94,0.0,2.3,148
33.75,2026-10-07 19:00:00,26.6,82,97,0.0,4.9,172
33.75,2026-10-07 20:00:00,26.6,83,91,0.0,8.5,186
33.75,2026-10-07 21:00:00,26.2,82,98,0.0,6.8,163
33.75,2026-10-07 22:00:00,25.8,80,98,0.0,3.6,270
33.75,2026-10-07 23:00:00,25.8,78,99,0.0,4.0,288
33.75,2026-10-08 00:00:00,27.9,69,99,0.0,2.3,51
33.76,2026-10-06 01:00:00,28.7,62,48,0.0,6.3,204
33.76,2026-10-06 02:00:00,31.0,55,45,0.0,6.7,189
33.76,2026-10-06 03:00:00,32.8,48,67,0.0,4.1,178
33.76,2026-10-06 04:00:00,34.0,45,88,0.0,1.9,34
33.76,2026-10-06 05:00:00,33.7,49,81,0.0,7.7,28
33.76,2026-10-06 06:00:00,33.4,52,99,0.0,13.4,40
33.76,2026-10-06 07:00:00,32.8,52,95,0.0,16.5,49
33.76,2026-10-06 08:00:00,32.3,52,100,0.0,14.1,51
33.76,2026-10-06 09:00:00,32.3,50,92,0.0,7.7,49
33.76,2026-10-06 10:00:00,31.6,52,73,0.0,4.6,11
33.76,2026-10-06 11:00:00,30.4,62,91,0.0,6.7,351
33.76,2026-10-06 12:00:00,30.0,65,100,0.0,6.6,343
33.76,2026-10-06 13:00:00,28.9,69,99,0.0,5.2,299
33.76,2026-10-06 14:00:00,27.7,71,100,0.0,10.0,256
33.76,2026-10-06 15:00:00,26.9,75,100,0.0,11.8,245
33.76,2026-10-06 16:00:00,26.5,77,99,0.0,12.0,242
33.76,2026-10-06 17:00:00,26.1,77,79,0.0,13.0,229
33.76,2026-10-06 18:00:00,25.7,77,90,0.0,12.0,221
33.76,2026-10-06 19:00:00,25.2,80,84,0.0,12.1,220
33.76,2026-10-06 20:00:00,24.7,83,100,0.0,12.4,222
33.76,2026-10-06 21:00:00,24.8,83,87,0.0,12.0,225
33.76,2026-10-06 22:00:00,24.5,83,87,0.0,11.5,220
33.76,2026-10-06 23:00:00,24.6,80,91,0.0,10.9,211
33.76,2026-10-07 00:00:00,26.3,73,80,0.0,8.6,211
33.76,2026-10-07 01:00:00,28.4,64,91,0.0,8.9,216
33.76,2026-10-07 02:00:00,30.9,54,90,0.0,8.0,214
33.76,2026-10-07 03:00:00,32.9,45,97,0.0,3.4,196
33.76,2026-10-07 04:00:00,33.4,44,99,0.1,3.8,17
33.76,2026-10-07 05:00:00,32.6,49,99,0.5,8.7,14
33.76,2026-10-07 06:00:00,32.7,48,97,0.3,11.7,43
33.76,2026-10-07 07:00:00,32.0,53,98,0.2,13.2,39
33.76,2026-10-07 08:00:00,31.6,55,100,0.1,13.1,43
33.76,2026-10-07 09:00:00,31.0,56,99,0.0,12.2,41
33.76,2026-10-07 10:00:00,30.4,57,90,0.0,6.4,18
33.76,2026-10-07 11:00:00,29.8,59,55,0.2,3.5,309
33.76,2026-10-07 12:00:00,29.5,61,77,0.2,4.6,334
33.76,2026-10-07 13:00:00,28.7,65,90,0.1,4.3,272
33.76,2026-10-07 14:00:00,27.6,69,98,0.0,8.6,255
33.76,2026-10-07 15:00:00,26.5,74,92,0.0,10.4,240
33.76,2026-10-07 16:00:00,26.0,76,99,0.0,10.6,227
33.76,2026-10-07 17:00:00,25.5,78,89,0.0,11.1,219
33.76,2026-10-07 18:00:00,25.0,79,91,0.0,11.1,222
33.76,2026-10-07 19:00:00,24.5,82,98,0.0,11.3,216
33.76,2026-10-07 20:00:00,24.4,82,92,0.0,11.1,222
33.76,2026-10-07 21:00:00,24.4,81,68,0.0,9.5,224
33.76,2026-10-07 22:00:00,24.2,82,88,0.0,11.1,223
33.76,2026-10-07 23:00:00,24.3,80,96,0.0,10.1,220
33.76,2026-10-08 00:00:00,25.9,71,91,0.0,11.5,212
