issued_at,adm2,horizon,valid_time,model,temperature_2m,relative_humidity_2m,cloud_cover,precipitation
2026-10-05 22:00:00,33.01,1,2026-10-05 23:00:00,persistence,24.1,94.0,66.0,0.0
2026-10-05 22:00:00,33.01,2,2026-10-06 00:00:00,persistence,24.1,94.0,66.0,0.0
2026-10-05 22:00:00,33.01,3,2026-10-06 01:00:00,persistence,24.1,94.0,66.0,0.0
2026-10-05 22:00:00,33.01,4,2026-10-06 02:00:00,persistence,24.1,94.0,66.0,0.0
2026-10-05 22:00:00,33.01,5,2026-10-06 03:00:00,persistence,24.1,94.0,66.0,0.0
2026-10-05 22:00:00,33.01,6,2026-10-06 04:00:00,persistence,24.1,94.0,66.0,0.0
2026-10-05 22:00:00,33.01,7,2026-10-06 05:00:00,persistence,24.1,94.0,66.0,0.0
2026-10-05 22:00:00,33.01,8,2026-10-06 06:00:00,persistence,24.1,94.0,66.0,0.0
2026-10-05 22:00:00,33.01,9,2026-10-06 07:00:00,persistence,24.1,94.0,66.0,0.0
2026-10-05 22:00:00,33.01,10,2026-10-06 08:00:00,persistence,24.1,94.0,66.0,0.0
2026-10-05 22:00:00,33.01,11,2026-10-06 09:00:00,persistence,24.1,94.0,66.0,0.0
2026-10-05 22:00:00,33.01,12,2026-10-06 10:00:00,persistence,24.1,94.0,66.0,0.0
2026-10-05 22:00:00,33.01,13,2026-10-06 11:00:00,persistence,24.1,94.0,66.0,0.0
2026-10-05 22:00:00,33.01,14,2026-10-06 12:00:00,persistence,24.1,94.0,66.0,0.0
2026-10-05 22:00:00,33.01,15,2026-10-06 13:00:00,persistence,24.1,94.0,66.0,0.0
2026-10-05 22:00:00,33.01,16,2026-10-06 14:00:00,persistence,24.1,94.0,66.0,0.0
2026-10-05 22:00:00,33.01,17,2026-10-06 15:00:00,persistence,24.1,94.0,66.0,0.0
2026-10-05 22:00:00,33.01,18,2026-10-06 16:00:00,persistence,24.1,94.0,66.0,0.0
2026-10-05 22:00:00,33.01,19,2026-10-06 17:00:00,persistence,24.1,94.0,66.0,0.0
2026-10-05 22:00:00,33.01,20,2026-10-06 18:00:00,persistence,24.1,94.0,66.0,0.0
2026-10-05 22:00:00,33.01,21,2026-10-06 19:00:00,persistence,24.1,94.0,66.0,0.0
2026-10-05 22:00:00,33.01,22,2026-10-06 20:00:00,persistence,24.1,94.0,66.0,0.0
2026-10-05 22:00:00,33.01,23,2026-10-06 21:00:00,persistence,24.1,94.0,66.0,0.0
2026-10-05 22:00:00,33.01,24,2026-10-06 22:00:00,persistence,24.1,94.0,66.0,0.0
2026-10-05 22:00:00,33.02,1,2026-10-05 23:00:00,persistence,23.2,94.0,33.0,0.0
2026-10-05 22:00:00,33.02,2,2026-10-06 00:00:00,persistence,23.2,94.0,33.0,0.0
2026-10-05 22:00:00,33.02,3,2026-10-06 01:00:00,persistence,23.2,94.0,33.0,0.0
2026-10-05 22:00:00,33.02,4,2026-10-06 02:00:00,persistence,23.2,94.0,33.0,0.0
2026-10-05 22:00:00,33.02,5,2026-10-06 03:00:00,persistence,23.2,94.0,33.0,0.0
2026-10-05 22:00:00,33.02,6,2026-10-06 04:00:00,persistence,23.2,94.0,33.0,0.0
2026-10-05 22:00:00,33.02,7,2026-10-06 05:00:00,persistence,23.2,94.0,33.0,0.0
2026-10-05 22:00:00,33.02,8,2026-10-06 06:00:00,persistence,23.2,94.0,33.0,0.0
2026-10-05 22:00:00,33.02,9,2026-10-06 07:00:00,persistence,23.2,94.0,33.0,0.0
2026-10-05 22:00:00,33.02,10,2026-10-06 08:00:00,persistence,23.2,94.0,33.0,0.0
2026-10-05 22:00:00,33.02,11,2026-10-06 09:00:00,persistence,23.2,94.0,33.0,0.0
2026-10-05 22:00:00,33.02,12,2026-10-06 10:00:00,persistence,23.2,94.0,33.0,0.0
2026-10-05 22:00:00,33.02,13,2026-10-06 11:00:00,persistence,23.2,94.0,33.0,0.0
2026-10-05 22:00:00,33.02,14,2026-10-06 12:00:00,persistence,23.2,94.0,33.0,0.0
2026-10-05 22:00:00,33.02,15,2026-10-06 13:00:00,persistence,23.2,94.0,33.0,0.0
2026-10-05 22:00:00,33.02,16,2026-10-06 14:00:00,persistence,23.2,94.0,33.0,0.0
2026-10-05 22:00:00,33.02,17,2026-10-06 15:00:00,persistence,23.2,94.0,33.0,0.0
2026-10-05 22:00:00,33.02,18,2026-10-06 16:00:00,persistence,23.2,94.0,33.0,0.0
2026-10-05 22:00:00,33.02,19,2026-10-06 17:00:00,persistence,23.2,94.0,33.0,0.0
2026-10-05 22:00:00,33.02,20,2026-10-06 18:00:00,persistence,23.2,94.0,33.0,0.0
2026-10-05 22:00:00,33.02,21,2026-10-06 19:00:00,persistence,23.2,94.0,33.0,0.0
2026-10-05 22:00:00,33.02,22,2026-10-06 20:00:00,persistence,23.2,94.0,33.0,0.0
2026-10-05 22:00:00,33.02,23,2026-10-06 21:00:00,persistence,23.2,94.0,33.0,0.0
2026-10-05 22:00:00,33.02,24,2026-10-06 22:00:00,persistence,23.2,94.0,33.0,0.0
2026-10-05 22:00:00,33.03,1,2026-10-05 23:00:00,persistence,24.1,92.0,70.0,0.0
2026-10-05 22:00:00,33.03,2,2026-10-06 00:00:00,persistence,24.1,92.0,70.0,0.0
2026-10-05 22:00:00,33.03,3,2026-10-06 01:00:00,persistence,24.1,92.0,70.0,0.0
2026-10-05 22:00:00,33.03,4,2026-10-06 02:00:00,persistence,24.1,92.0,70.0,0.0
2026-10-05 22:00:00,33.03,5,2026-10-06 03:00:00,persistence,24.1,92.0,70.0,0.0
2026-10-05 22:00:00,33.03,6,2026-10-06 04:00:00,persistence,24.1,92.0,70.0,0.0
2026-10-05 22:00:00,33.03,7,2026-10-06 05:00:00,persistence,24.1,92.0,70.0,0.0
2026-10-05 22:00:00,33.03,8,2026-10-06 06:00:00,persistence,24.1,92.0,70.0,0.0
2026-10-05 22:00:00,33.03,9,2026-10-06 07:00:00,persistence,24.1,92.0,70.0,0.0
2026-10-05 22:00:00,33.03,10,2026-10-06 08:00:00,persistence,24.1,92.0,70.0,0.0
2026-10-05 22:00:00,33.03,11,2026-10-06 09:00:00,persistence,24.1,92.0,70.0,0.0
2026-10-05 22:00:00,33.03,12,2026-10-06 10:00:00,persistence,24.1,92.0,70.0,0.0
2026-10-05 22:00:00,33.03,13,2026-10-06 11:00:00,persistence,24.1,92.0,70.0,0.0
2026-10-05 22:00:00,33.03,14,2026-10-06 12:00:00,persistence,24.1,92.0,70.0,0.0
2026-10-05 22:00:00,33.03,15,2026-10-06 13:00:00,persistence,24.1,92.0,70.0,0.0
2026-10-05 22:00:00,33.03,16,2026-10-06 14:00:00,persistence,24.1,92.0,70.0,0.0
2026-10-05 22:00:00,33.03,17,2026-10-06 15:00:00,persistence,24.1,92.0,70.0,0.0
2026-10-05 22:00:00,33.03,18,2026-10-06 16:00:00,persistence,24.1,92.0,70.0,0.0
2026-10-05 22:00:00,33.03,19,2026-10-06 17:00:00,persistence,24.1,92.0,70.0,0.0
2026-10-05 22:00:00,33.03,20,2026-10-06 18:00:00,persistence,24.1,92.0,70.0,0.0
2026-10-05 22:00:00,33.03,21,2026-10-06 19:00:00,persistence,24.1,92.0,70.0,0.0
2026-10-05 22:00:00,33.03,22,2026-10-06 20:00:00,persistence,24.1,92.0,70.0,0.0
2026-10-05 22:00:00,33.03,23,2026-10-06 21:00:00,persistence,24.1,92.0,70.0,0.0
2026-10-05 22:00:00,33.03,24,2026-10-06 22:00:00,persistence,24.1,92.0,70.0,0.0
2026-10-05 22:00:00,33.04,1,2026-10-05 23:00:00,persistence,21.6,99.0,98.0,0.0
2026-10-05 22:00:00,33.04,2,2026-10-06 00:00:00,persistence,21.6,99.0,98.0,0.0
2026-10-05 22:00:00,33.04,3,2026-10-06 01:00:00,persistence,21.6,99.0,98.0,0.0
2026-10-05 22:00:00,33.04,4,2026-10-06 02:00:00,persistence,21.6,99.0,98.0,0.0
2026-10-05 22:00:00,33.04,5,2026-10-06 03:00:00,persistence,21.6,99.0,98.0,0.0
2026-10-05 22:00:00,33.04,6,2026-10-06 04:00:00,persistence,21.6,99.0,98.0,0.0
2026-10-05 22:00:00,33.04,7,2026-10-06 05:00:00,persistence,21.6,99.0,98.0,0.0
2026-10-05 22:00:00,33.04,8,2026-10-06 06:00:00,persistence,21.6,99.0,98.0,0.0
2026-10-05 22:00:00,33.04,9,2026-10-06 07:00:00,persistence,21.6,99.0,98.0,0.0
2026-10-05 22:00:00,33.04,10,2026-10-06 08:00:00,persistence,21.6,99.0,98.0,0.0
2026-10-05 22:00:00,33.04,11,2026-10-06 09:00:00,persistence,21.6,99.0,98.0,0.0
2026-10-05 22:00:00,33.04,12,2026-10-06 10:00:00,persistence,21.6,99.0,98.0,0.0
2026-10-05 22:00:00,33.04,13,2026-10-06 11:00:00,persistence,21.6,99.0,98.0,0.0
2026-10-05 22:00:00,33.04,14,2026-10-06 12:00:00,persistence,21.6,99.0,98.0,0.0
2026-10-05 22:00:00,33.04,15,2026-10-06 13:00:00,persistence,21.6,99.0,98.0,0.0
2026-10-05 22:00:00,33.04,16,2026-10-06 14:00:00,persistence,21.6,99.0,98.0,0.0
2026-10-05 22:00:00,33.04,17,2026-10-06 15:00:00,persistence,21.6,99.0,98.0,0.0
2026-10-05 22:00:00,33.04,18,2026-10-06 16:00:00,persistence,21.6,99.0,98.0,0.0
2026-10-05 22:00:00,33.04,19,2026-10-06 17:00:00,persistence,21.6,99.0,98.0,0.0
2026-10-05 22:00:00,33.04,20,2026-10-06 18:00:00,persistence,21.6,99.0,98.0,0.0
2026-10-05 22:00:00,33.04,21,2026-10-06 19:00:00,persistence,21.6,99.0,98.0,0.0
2026-10-05 22:00:00,33.04,22,2026-10-06 20:00:00,persistence,21.6,99.0,98.0,0.0
2026-10-05 22:00:00,33.04,23,2026-10-06 21:00:00,persistence,21.6,99.0,98.0,0.0
2026-10-05 22:00:00,33.04,24,2026-10-06 22:00:00,persistence,21.6,99.0,98.0,0.0
2026-10-05 22:00:00,33.05,1,2026-10-05 23:00:00,persistence,23.4,94.0,57.0,0.0
2026-10-05 22:00:00,33.05,2,2026-10-06 00:00:00,persistence,23.4,94.0,57.0,0.0
2026-10-05 22:00:00,33.05,3,2026-10-06 01:00:00,persistence,23.4,94.0,57.0,0.0
2026-10-05 22:00:00,33.05,4,2026-10-06 02:00:00,persistence,23.4,94.0,57.0,0.0
2026-10-05 22:00:00,33.05,5,2026-10-06 03:00:00,persistence,23.4,94.0,57.0,0.0
2026-10-05 22:00:00,33.05,6,2026-10-06 04:00:00,persistence,23.4,94.0,57.0,0.0
2026-10-05 22:00:00,33.05,7,2026-10-06 05:00:00,persistence,23.4,94.0,57.0,0.0
2026-10-05 22:00:00,33.05,8,2026-10-06 06:00:00,persistence,23.4,94.0,57.0,0.0
2026-10-05 22:00:00,33.05,9,2026-10-06 07:00:00,persistence,23.4,94.0,57.0,0.0
2026-10-05 22:00:00,33.05,10,2026-10-06 08:00:00,persistence,23.4,94.0,57.0,0.0
2026-10-05 22:00:00,33.05,11,2026-10-06 09:00:00,persistence,23.4,94.0,57.0,0.0
2026-10-05 22:00:00,33.05,12,2026-10-06 10:00:00,persistence,23.4,94.0,57.0,0.0
2026-10-05 22:00:00,33.05,13,2026-10-06 11:00:00,persistence,23.4,94.0,57.0,0.0
2026-10-05 22:00:00,33.05,14,2026-10-06 12:00:00,persistence,23.4,94.0,57.0,0.0
2026-10-05 22:00:00,33.05,15,2026-10-06 13:00:00,persistence,23.4,94.0,57.0,0.0
2026-10-05 22:00:00,33.05,16,2026-10-06 14:00:00,persistence,23.4,94.0,57.0,0.0
2026-10-05 22:00:00,33.05,17,2026-10-06 15:00:00,persistence,23.4,94.0,57.0,0.0
2026-10-05 22:00:00,33.05,18,2026-10-06 16:00:00,persistence,23.4,94.0,57.0,0.0
2026-10-05 22:00:00,33.05,19,2026-10-06 17:00:00,persistence,23.4,94.0,57.0,0.0
2026-10-05 22:00:00,33.05,20,2026-10-06 18:00:00,persistence,23.4,94.0,57.0,0.0
2026-10-05 22:00:00,33.05,21,2026-10-06 19:00:00,persistence,23.4,94.0,57.0,0.0
2026-10-05 22:00:00,33.05,22,2026-10-06 20:00:00,persistence,23.4,94.0,57.0,0.0
2026-10-05 22:00:00,33.05,23,2026-10-06 21:00:00,persistence,23.4,94.0,57.0,0.0
2026-10-05 22:00:00,33.05,24,2026-10-06 22:00:00,persistence,23.4,94.0,57.0,0.0
2026-10-05 22:00:00,33.06,1,2026-10-05 23:00:00,persistence,21.7,92.0,58.0,0.0
2026-10-05 22:00:00,33.06,2,2026-10-06 00:00:00,persistence,21.7,92.0,58.0,0.0
2026-10-05 22:00:00,33.06,3,2026-10-06 01:00:00,persistence,21.7,92.0,58.0,0.0
2026-10-05 22:00:00,33.06,4,2026-10-06 02:00:00,persistence,21.7,92.0,58.0,0.0
2026-10-05 22:00:00,33.06,5,2026-10-06 03:00:00,persistence,21.7,92.0,58.0,0.0
2026-10-05 22:00:00,33.06,6,2026-10-06 04:00:00,persistence,21.7,92.0,58.0,0.0
2026-10-05 22:00:00,33.06,7,2026-10-06 05:00:00,persistence,21.7,92.0,58.0,0.0
2026-10-05 22:00:00,33.06,8,2026-10-06 06:00:00,persistence,21.7,92.0,58.0,0.0
2026-10-05 22:00:00,33.06,9,2026-10-06 07:00:00,persistence,21.7,92.0,58.0,0.0
2026-10-05 22:00:00,33.06,10,2026-10-06 08:00:00,persistence,21.7,92.0,58.0,0.0
2026-10-05 22:00:00,33.06,11,2026-10-06 09:00:00,persistence,21.7,92.0,58.0,0.0
2026-10-05 22:00:00,33.06,12,2026-10-06 10:00:00,persistence,21.7,92.0,58.0,0.0
2026-10-05 22:00:00,33.06,13,2026-10-06 11:00:00,persistence,21.7,92.0,58.0,0.0
2026-10-05 22:00:00,33.06,14,2026-10-06 12:00:00,persistence,21.7,92.0,58.0,0.0
2026-10-05 22:00:00,33.06,15,2026-10-06 13:00:00,persistence,21.7,92.0,58.0,0.0
2026-10-05 22:00:00,33.06,16,2026-10-06 14:00:00,persistence,21.7,92.0,58.0,0.0
2026-10-05 22:00:00,33.06,17,2026-10-06 15:00:00,persistence,21.7,92.0,58.0,0.0
2026-10-05 22:00:00,33.06,18,2026-10-06 16:00:00,persistence,21.7,92.0,58.0,0.0
2026-10-05 22:00:00,33.06,19,2026-10-06 17:00:00,persistence,21.7,92.0,58.0,0.0
2026-10-05 22:00:00,33.06,20,2026-10-06 18:00:00,persistence,21.7,92.0,58.0,0.0
2026-10-05 22:00:00,33.06,21,2026-10-06 19:00:00,persistence,21.7,92.0,58.0,0.0
2026-10-05 22:00:00,33.06,22,2026-10-06 20:00:00,persistence,21.7,92.0,58.0,0.0
2026-10-05 22:00:00,33.06,23,2026-10-06 21:00:00,persistence,21.7,92.0,58.0,0.0
2026-10-05 22:00:00,33.06,24,2026-10-06 22:00:00,persistence,21.7,92.0,58.0,0.0
2026-10-05 22:00:00,33.07,1,2026-10-05 23:00:00,persistence,18.4,86.0,34.0,0.0
2026-10-05 22:00:00,33.07,2,2026-10-06 00:00:00,persistence,18.4,86.0,34.0,0.0
2026-10-05 22:00:00,33.07,3,2026-10-06 01:00:00,persistence,18.4,86.0,34.0,0.0
2026-10-05 22:00:00,33.07,4,2026-10-06 02:00:00,persistence,18.4,86.0,34.0,0.0
2026-10-05 22:00:00,33.07,5,2026-10-06 03:00:00,persistence,18.4,86.0,34.0,0.0
2026-10-05 22:00:00,33.07,6,2026-10-06 04:00:00,persistence,18.4,86.0,34.0,0.0
2026-10-05 22:00:00,33.07,7,2026-10-06 05:00:00,persistence,18.4,86.0,34.0,0.0
2026-10-05 22:00:00,33.07,8,2026-10-06 06:00:00,persistence,18.4,86.0,34.0,0.0
2026-10-05 22:00:00,33.07,9,2026-10-06 07:00:00,persistence,18.4,86.0,34.0,0.0
2026-10-05 22:00:00,33.07,10,2026-10-06 08:00:00,persistence,18.4,86.0,34.0,0.0
2026-10-05 22:00:00,33.07,11,2026-10-06 09:00:00,persistence,18.4,86.0,34.0,0.0
2026-10-05 22:00:00,33.07,12,2026-10-06 10:00:00,persistence,18.4,86.0,34.0,0.0
2026-10-05 22:00:00,33.07,13,2026-10-06 11:00:00,persistence,18.4,86.0,34.0,0.0
2026-10-05 22:00:00,33.07,14,2026-10-06 12:00:00,persistence,18.4,86.0,34.0,0.0
2026-10-05 22:00:00,33.07,15,2026-10-06 13:00:00,persistence,18.4,86.0,34.0,0.0
2026-10-05 22:00:00,33.07,16,2026-10-06 14:00:00,persistence,18.4,86.0,34.0,0.0
2026-10-05 22:00:00,33.07,17,2026-10-06 15:00:00,persistence,18.4,86.0,34.0,0.0
2026-10-05 22:00:00,33.07,18,2026-10-06 16:00:00,persistence,18.4,86.0,34.0,0.0
2026-10-05 22:00:00,33.07,19,2026-10-06 17:00:00,persistence,18.4,86.0,34.0,0.0
2026-10-05 22:00:00,33.07,20,2026-10-06 18:00:00,persistence,18.4,86.0,34.0,0.0
2026-10-05 22:00:00,33.07,21,2026-10-06 19:00:00,persistence,18.4,86.0,34.0,0.0
2026-10-05 22:00:00,33.07,22,2026-10-06 20:00:00,persistence,18.4,86.0,34.0,0.0
2026-10-05 22:00:00,33.07,23,2026-10-06 21:00:00,persistence,18.4,86.0,34.0,0.0
2026-10-05 22:00:00,33.07,24,2026-10-06 22:00:00,persistence,18.4,86.0,34.0,0.0
2026-10-05 22:00:00,33.08,1,2026-10-05 23:00:00,persistence,20.5,92.0,75.0,0.0
2026-10-05 22:00:00,33.08,2,2026-10-06 00:00:00,persistence,20.5,92.0,75.0,0.0
2026-10-05 22:00:00,33.08,3,2026-10-06 01:00:00,persistence,20.5,92.0,75.0,0.0
2026-10-05 22:00:00,33.08,4,2026-10-06 02:00:00,persistence,20.5,92.0,75.0,0.0
2026-10-05 22:00:00,33.08,5,2026-10-06 03:00:00,persistence,20.5,92.0,75.0,0.0
2026-10-05 22:00:00,33.08,6,2026-10-06 04:00:00,persistence,20.5,92.0,75.0,0.0
2026-10-05 22:00:00,33.08,7,2026-10-06 05:00:00,persistence,20.5,92.0,75.0,0.0
2026-10-05 22:00:00,33.08,8,2026-10-06 06:00:00,persistence,20.5,92.0,75.0,0.0
2026-10-05 22:00:00,33.08,9,2026-10-06 07:00:00,persistence,20.5,92.0,75.0,0.0
2026-10-05 22:00:00,33.08,10,2026-10-06 08:00:00,persistence,20.5,92.0,75.0,0.0
2026-10-05 22:00:00,33.08,11,2026-10-06 09:00:00,persistence,20.5,92.0,75.0,0.0
2026-10-05 22:00:00,33.08,12,2026-10-06 10:00:00,persistence,20.5,92.0,75.0,0.0
2026-10-05 22:00:00,33.08,13,2026-10-06 11:00:00,persistence,20.5,92.0,75.0,0.0
2026-10-05 22:00:00,33.08,14,2026-10-06 12:00:00,persistence,20.5,92.0,75.0,0.0
2026-10-05 22:00:00,33.08,15,2026-10-06 13:00:00,persistence,20.5,92.0,75.0,0.0
2026-10-05 22:00:00,33.08,16,2026-10-06 14:00:00,persistence,20.5,92.0,75.0,0.0
2026-10-05 22:00:00,33.08,17,2026-10-06 15:00:00,persistence,20.5,92.0,75.0,0.0
2026-10-05 22:00:00,33.08,18,2026-10-06 16:00:00,persistence,20.5,92.0,75.0,0.0
2026-10-05 22:00:00,33.08,19,2026-10-06 17:00:00,persistence,20.5,92.0,75.0,0.0
2026-10-05 22:00:00,33.08,20,2026-10-06 18:00:00,persistence,20.5,92.0,75.0,0.0
2026-10-05 22:00:00,33.08,21,2026-10-06 19:00:00,persistence,20.5,92.0,75.0,0.0
2026-10-05 22:00:00,33.08,22,2026-10-06 20:00:00,persistence,20.5,92.0,75.0,0.0
2026-10-05 22:00:00,33.08,23,2026-10-06 21:00:00,persistence,20.5,92.0,75.0,0.0
2026-10-05 22:00:00,33.08,24,2026-10-06 22:00:00,persistence,20.5,92.0,75.0,0.0
2026-10-05 22:00:00,33.09,1,2026-10-05 23:00:00,persistence,23.2,70.0,90.0,0.0
2026-10-05 22:00:00,33.09,2,2026-10-06 00:00:00,persistence,23.2,70.0,90.0,0.0
2026-10-05 22:00:00,33.09,3,2026-10-06 01:00:00,persistence,23.2,70.0,90.0,0.0
2026-10-05 22:00:00,33.09,4,2026-10-06 02:00:00,persistence,23.2,70.0,90.0,0.0
2026-10-05 22:00:00,33.09,5,2026-10-06 03:00:00,persistence,23.2,70.0,90.0,0.0
2026-10-05 22:00:00,33.09,6,2026-10-06 04:00:00,persistence,23.2,70.0,90.0,0.0
2026-10-05 22:00:00,33.09,7,2026-10-06 05:00:00,persistence,23.2,70.0,90.0,0.0
2026-10-05 22:00:00,33.09,8,2026-10-06 06:00:00,persistence,23.2,70.0,90.0,0.0
2026-10-05 22:00:00,33.09,9,2026-10-06 07:00:00,persistence,23.2,70.0,90.0,0.0
2026-10-05 22:00:00,33.09,10,2026-10-06 08:00:00,persistence,23.2,70.0,90.0,0.0
2026-10-05 22:00:00,33.09,11,2026-10-06 09:00:00,persistence,23.2,70.0,90.0,0.0
2026-10-05 22:00:00,33.09,12,2026-10-06 10:00:00,persistence,23.2,70.0,90.0,0.0
2026-10-05 22:00:00,33.09,13,2026-10-06 11:00:00,persistence,23.2,70.0,90.0,0.0
2026-10-05 22:00:00,33.09,14,2026-10-06 12:00:00,persistence,23.2,70.0,90.0,0.0
2026-10-05 22:00:00,33.09,15,2026-10-06 13:00:00,persistence,23.2,70.0,90.0,0.0
2026-10-05 22:00:00,33.09,16,2026-10-06 14:00:00,persistence,23.2,70.0,90.0,0.0
2026-10-05 22:00:00,33.09,17,2026-10-06 15:00:00,persistence,23.2,70.0,90.0,0.0
2026-10-05 22:00:00,33.09,18,2026-10-06 16:00:00,persistence,23.2,70.0,90.0,0.0
2026-10-05 22:00:00,33.09,19,2026-10-06 17:00:00,persistence,23.2,70.0,90.0,0.0
2026-10-05 22:00:00,33.09,20,2026-10-06 18:00:00,persistence,23.2,70.0,90.0,0.0
2026-10-05 22:00:00,33.09,21,2026-10-06 19:00:00,persistence,23.2,70.0,90.0,0.0
2026-10-05 22:00:00,33.09,22,2026-10-06 20:00:00,persistence,23.2,70.0,90.0,0.0
2026-10-05 22:00:00,33.09,23,2026-10-06 21:00:00,persistence,23.2,70.0,90.0,0.0
2026-10-05 22:00:00,33.09,24,2026-10-06 22:00:00,persistence,23.2,70.0,90.0,0.0
2026-10-05 22:00:00,33.10,1,2026-10-05 23:00:00,persistence,23.9,83.0,79.0,0.0
2026-10-05 22:00:00,33.10,2,2026-10-06 00:00:00,persistence,23.9,83.0,79.0,0.0
2026-10-05 22:00:00,33.10,3,2026-10-06 01:00:00,persistence,23.9,83.0,79.0,0.0
2026-10-05 22:00:00,33.10,4,2026-10-06 02:00:00,persistence,23.9,83.0,79.0,0.0
2026-10-05 22:00:00,33.10,5,2026-10-06 03:00:00,persistence,23.9,83.0,79.0,0.0
2026-10-05 22:00:00,33.10,6,2026-10-06 04:00:00,persistence,23.9,83.0,79.0,0.0
2026-10-05 22:00:00,33.10,7,2026-10-06 05:00:00,persistence,23.9,83.0,79.0,0.0
2026-10-05 22:00:00,33.10,8,2026-10-06 06:00:00,persistence,23.9,83.0,79.0,0.0
2026-10-05 22:00:00,33.10,9,2026-10-06 07:00:00,persistence,23.9,83.0,79.0,0.0
2026-10-05 22:00:00,33.10,10,2026-10-06 08:00:00,persistence,23.9,83.0,79.0,0.0
2026-10-05 22:00:00,33.10,11,2026-10-06 09:00:00,persistence,23.9,83.0,79.0,0.0
2026-10-05 22:00:00,33.10,12,2026-10-06 10:00:00,persistence,23.9,83.0,79.0,0.0
2026-10-05 22:00:00,33.10,13,2026-10-06 11:00:00,persistence,23.9,83.0,79.0,0.0
2026-10-05 22:00:00,33.10,14,2026-10-06 12:00:00,persistence,23.9,83.0,79.0,0.0
2026-10-05 22:00:00,33.10,15,2026-10-06 13:00:00,persistence,23.9,83.0,79.0,0.0
2026-10-05 22:00:00,33.10,16,2026-10-06 14:00:00,persistence,23.9,83.0,79.0,0.0
2026-10-05 22:00:00,33.10,17,2026-10-06 15:00:00,persistence,23.9,83.0,79.0,0.0
2026-10-05 22:00:00,33.10,18,2026-10-06 16:00:00,persistence,23.9,83.0,79.0,0.0
2026-10-05 22:00:00,33.10,19,2026-10-06 17:00:00,persistence,23.9,83.0,79.0,0.0
2026-10-05 22:00:00,33.10,20,2026-10-06 18:00:00,persistence,23.9,83.0,79.0,0.0
2026-10-05 22:00:00,33.10,21,2026-10-06 19:00:00,persistence,23.9,83.0,79.0,0.0
2026-10-05 22:00:00,33.10,22,2026-10-06 20:00:00,persistence,23.9,83.0,79.0,0.0
2026-10-05 22:00:00,33.10,23,2026-10-06 21:00:00,persistence,23.9,83.0,79.0,0.0
2026-10-05 22:00:00,33.10,24,2026-10-06 22:00:00,persistence,23.9,83.0,79.0,0.0
2026-10-05 22:00:00,33.11,1,2026-10-05 23:00:00,persistence,23.8,84.0,95.0,0.0
2026-10-05 22:00:00,33.11,2,2026-10-06 00:00:00,persistence,23.8,84.0,95.0,0.0
2026-10-05 22:00:00,33.11,3,2026-10-06 01:00:00,persistence,23.8,84.0,95.0,0.0
2026-10-05 22:00:00,33.11,4,2026-10-06 02:00:00,persistence,23.8,84.0,95.0,0.0
2026-10-05 22:00:00,33.11,5,2026-10-06 03:00:00,persistence,23.8,84.0,95.0,0.0
2026-10-05 22:00:00,33.11,6,2026-10-06 04:00:00,persistence,23.8,84.0,95.0,0.0
2026-10-05 22:00:00,33.11,7,2026-10-06 05:00:00,persistence,23.8,84.0,95.0,0.0
2026-10-05 22:00:00,33.11,8,2026-10-06 06:00:00,persistence,23.8,84.0,95.0,0.0
2026-10-05 22:00:00,33.11,9,2026-10-06 07:00:00,persistence,23.8,84.0,95.0,0.0
2026-10-05 22:00:00,33.11,10,2026-10-06 08:00:00,persistence,23.8,84.0,95.0,0.0
2026-10-05 22:00:00,33.11,11,2026-10-06 09:00:00,persistence,23.8,84.0,95.0,0.0
2026-10-05 22:00:00,33.11,12,2026-10-06 10:00:00,persistence,23.8,84.0,95.0,0.0
2026-10-05 22:00:00,33.11,13,2026-10-06 11:00:00,persistence,23.8,84.0,95.0,0.0
2026-10-05 22:00:00,33.11,14,2026-10-06 12:00:00,persistence,23.8,84.0,95.0,0.0
2026-10-05 22:00:00,33.11,15,2026-10-06 13:00:00,persistence,23.8,84.0,95.0,0.0
2026-10-05 22:00:00,33.11,16,2026-10-06 14:00:00,persistence,23.8,84.0,95.0,0.0
2026-10-05 22:00:00,33.11,17,2026-10-06 15:00:00,persistence,23.8,84.0,95.0,0.0
2026-10-05 22:00:00,33.11,18,2026-10-06 16:00:00,persistence,23.8,84.0,95.0,0.0
2026-10-05 22:00:00,33.11,19,2026-10-06 17:00:00,persistence,23.8,84.0,95.0,0.0
2026-10-05 22:00:00,33.11,20,2026-10-06 18:00:00,persistence,23.8,84.0,95.0,0.0
2026-10-05 22:00:00,33.11,21,2026-10-06 19:00:00,persistence,23.8,84.0,95.0,0.0
2026-10-05 22:00:00,33.11,22,2026-10-06 20:00:00,persistence,23.8,84.0,95.0,0.0
2026-10-05 22:00:00,33.11,23,2026-10-06 21:00:00,persistence,23.8,84.0,95.0,0.0
2026-10-05 22:00:00,33.11,24,2026-10-06 22:00:00,persistence,23.8,84.0,95.0,0.0
2026-10-05 22:00:00,33.12,1,2026-10-05 23:00:00,persistence,22.7,95.0,98.0,0.0
2026-10-05 22:00:00,33.12,2,2026-10-06 00:00:00,persistence,22.7,95.0,98.0,0.0
2026-10-05 22:00:00,33.12,3,2026-10-06 01:00:00,persistence,22.7,95.0,98.0,0.0
2026-10-05 22:00:00,33.12,4,2026-10-06 02:00:00,persistence,22.7,95.0,98.0,0.0
2026-10-05 22:00:00,33.12,5,2026-10-06 03:00:00,persistence,22.7,95.0,98.0,0.0
2026-10-05 22:00:00,33.12,6,2026-10-06 04:00:00,persistence,22.7,95.0,98.0,0.0
2026-10-05 22:00:00,33.12,7,2026-10-06 05:00:00,persistence,22.7,95.0,98.0,0.0
2026-10-05 22:00:00,33.12,8,2026-10-06 06:00:00,persistence,22.7,95.0,98.0,0.0
2026-10-05 22:00:00,33.12,9,2026-10-06 07:00:00,persistence,22.7,95.0,98.0,0.0
2026-10-05 22:00:00,33.12,10,2026-10-06 08:00:00,persistence,22.7,95.0,98.0,0.0
2026-10-05 22:00:00,33.12,11,2026-10-06 09:00:00,persistence,22.7,95.0,98.0,0.0
2026-10-05 22:00:00,33.12,12,2026-10-06 10:00:00,persistence,22.7,95.0,98.0,0.0
2026-10-05 22:00:00,33.12,13,2026-10-06 11:00:00,persistence,22.7,95.0,98.0,0.0
2026-10-05 22:00:00,33.12,14,2026-10-06 12:00:00,persistence,22.7,95.0,98.0,0.0
2026-10-05 22:00:00,33.12,15,2026-10-06 13:00:00,persistence,22.7,95.0,98.0,0.0
2026-10-05 22:00:00,33.12,16,2026-10-06 14:00:00,persistence,22.7,95.0,98.0,0.0
2026-10-05 22:00:00,33.12,17,2026-10-06 15:00:00,persistence,22.7,95.0,98.0,0.0
2026-10-05 22:00:00,33.12,18,2026-10-06 16:00:00,persistence,22.7,95.0,98.0,0.0
2026-10-05 22:00:00,33.12,19,2026-10-06 17:00:00,persistence,22.7,95.0,98.0,0.0
2026-10-05 22:00:00,33.12,20,2026-10-06 18:00:00,persistence,22.7,95.0,98.0,0.0
2026-10-05 22:00:00,33.12,21,2026-10-06 19:00:00,persistence,22.7,95.0,98.0,0.0
2026-10-05 22:00:00,33.12,22,2026-10-06 20:00:00,persistence,22.7,95.0,98.0,0.0
2026-10-05 22:00:00,33.12,23,2026-10-06 21:00:00,persistence,22.7,95.0,98.0,0.0
2026-10-05 22:00:00,33.12,24,2026-10-06 22:00:00,persistence,22.7,95.0,98.0,0.0
2026-10-05 22:00:00,33.13,1,2026-10-05 23:00:00,persistence,23.2,87.0,97.0,0.0
2026-10-05 22:00:00,33.13,2,2026-10-06 00:00:00,persistence,23.2,87.0,97.0,0.0
2026-10-05 22:00:00,33.13,3,2026-10-06 01:00:00,persistence,23.2,87.0,97.0,0.0
2026-10-05 22:00:00,33.13,4,2026-10-06 02:00:00,persistence,23.2,87.0,97.0,0.0
2026-10-05 22:00:00,33.13,5,2026-10-06 03:00:00,persistence,23.2,87.0,97.0,0.0
2026-10-05 22:00:00,33.13,6,2026-10-06 04:00:00,persistence,23.2,87.0,97.0,0.0
2026-10-05 22:00:00,33.13,7,2026-10-06 05:00:00,persistence,23.2,87.0,97.0,0.0
2026-10-05 22:00:00,33.13,8,2026-10-06 06:00:00,persistence,23.2,87.0,97.0,0.0
2026-10-05 22:00:00,33.13,9,2026-10-06 07:00:00,persistence,23.2,87.0,97.0,0.0
2026-10-05 22:00:00,33.13,10,2026-10-06 08:00:00,persistence,23.2,87.0,97.0,0.0
2026-10-05 22:00:00,33.13,11,2026-10-06 09:00:00,persistence,23.2,87.0,97.0,0.0
2026-10-05 22:00:00,33.13,12,2026-10-06 10:00:00,persistence,23.2,87.0,97.0,0.0
2026-10-05 22:00:00,33.13,13,2026-10-06 11:00:00,persistence,23.2,87.0,97.0,0.0
2026-10-05 22:00:00,33.13,14,2026-10-06 12:00:00,persistence,23.2,87.0,97.0,0.0
2026-10-05 22:00:00,33.13,15,2026-10-06 13:00:00,persistence,23.2,87.0,97.0,0.0
2026-10-05 22:00:00,33.13,16,2026-10-06 14:00:00,persistence,23.2,87.0,97.0,0.0
2026-10-05 22:00:00,33.13,17,2026-10-06 15:00:00,persistence,23.2,87.0,97.0,0.0
2026-10-05 22:00:00,33.13,18,2026-10-06 16:00:00,persistence,23.2,87.0,97.0,0.0
2026-10-05 22:00:00,33.13,19,2026-10-06 17:00:00,persistence,23.2,87.0,97.0,0.0
2026-10-05 22:00:00,33.13,20,2026-10-06 18:00:00,persistence,23.2,87.0,97.0,0.0
2026-10-05 22:00:00,33.13,21,2026-10-06 19:00:00,persistence,23.2,87.0,97.0,0.0
2026-10-05 22:00:00,33.13,22,2026-10-06 20:00:00,persistence,23.2,87.0,97.0,0.0
2026-10-05 22:00:00,33.13,23,2026-10-06 21:00:00,persistence,23.2,87.0,97.0,0.0
2026-10-05 22:00:00,33.13,24,2026-10-06 22:00:00,persistence,23.2,87.0,97.0,0.0
2026-10-05 22:00:00,33.14,1,2026-10-05 23:00:00,persistence,25.1,79.0,90.0,0.0
2026-10-05 22:00:00,33.14,2,2026-10-06 00:00:00,persistence,25.1,79.0,90.0,0.0
2026-10-05 22:00:00,33.14,3,2026-10-06 01:00:00,persistence,25.1,79.0,90.0,0.0
2026-10-05 22:00:00,33.14,4,2026-10-06 02:00:00,persistence,25.1,79.0,90.0,0.0
2026-10-05 22:00:00,33.14,5,2026-10-06 03:00:00,persistence,25.1,79.0,90.0,0.0
2026-10-05 22:00:00,33.14,6,2026-10-06 04:00:00,persistence,25.1,79.0,90.0,0.0
2026-10-05 22:00:00,33.14,7,2026-10-06 05:00:00,persistence,25.1,79.0,90.0,0.0
2026-10-05 22:00:00,33.14,8,2026-10-06 06:00:00,persistence,25.1,79.0,90.0,0.0
2026-10-05 22:00:00,33.14,9,2026-10-06 07:00:00,persistence,25.1,79.0,90.0,0.0
2026-10-05 22:00:00,33.14,10,2026-10-06 08:00:00,persistence,25.1,79.0,90.0,0.0
2026-10-05 22:00:00,33.14,11,2026-10-06 09:00:00,persistence,25.1,79.0,90.0,0.0
2026-10-05 22:00:00,33.14,12,2026-10-06 10:00:00,persistence,25.1,79.0,90.0,0.0
2026-10-05 22:00:00,33.14,13,2026-10-06 11:00:00,persistence,25.1,79.0,90.0,0.0
2026-10-05 22:00:00,33.14,14,2026-10-06 12:00:00,persistence,25.1,79.0,90.0,0.0
2026-10-05 22:00:00,33.14,15,2026-10-06 13:00:00,persistence,25.1,79.0,90.0,0.0
2026-10-05 22:00:00,33.14,16,2026-10-06 14:00:00,persistence,25.1,79.0,90.0,0.0
2026-10-05 22:00:00,33.14,17,2026-10-06 15:00:00,persistence,25.1,79.0,90.0,0.0
2026-10-05 22:00:00,33.14,18,2026-10-06 16:00:00,persistence,25.1,79.0,90.0,0.0
2026-10-05 22:00:00,33.14,19,2026-10-06 17:00:00,persistence,25.1,79.0,90.0,0.0
2026-10-05 22:00:00,33.14,20,2026-10-06 18:00:00,persistence,25.1,79.0,90.0,0.0
2026-10-05 22:00:00,33.14,21,2026-10-06 19:00:00,persistence,25.1,79.0,90.0,0.0
2026-10-05 22:00:00,33.14,22,2026-10-06 20:00:00,persistence,25.1,79.0,90.0,0.0
2026-10-05 22:00:00,33.14,23,2026-10-06 21:00:00,persistence,25.1,79.0,90.0,0.0
2026-10-05 22:00:00,33.14,24,2026-10-06 22:00:00,persistence,25.1,79.0,90.0,0.0
2026-10-05 22:00:00,33.15,1,2026-10-05 23:00:00,persistence,25.1,76.0,82.0,0.0
2026-10-05 22:00:00,33.15,2,2026-10-06 00:00:00,persistence,25.1,76.0,82.0,0.0
2026-10-05 22:00:00,33.15,3,2026-10-06 01:00:00,persistence,25.1,76.0,82.0,0.0
2026-10-05 22:00:00,33.15,4,2026-10-06 02:00:00,persistence,25.1,76.0,82.0,0.0
2026-10-05 22:00:00,33.15,5,2026-10-06 03:00:00,persistence,25.1,76.0,82.0,0.0
2026-10-05 22:00:00,33.15,6,2026-10-06 04:00:00,persistence,25.1,76.0,82.0,0.0
2026-10-05 22:00:00,33.15,7,2026-10-06 05:00:00,persistence,25.1,76.0,82.0,0.0
2026-10-05 22:00:00,33.15,8,2026-10-06 06:00:00,persistence,25.1,76.0,82.0,0.0
2026-10-05 22:00:00,33.15,9,2026-10-06 07:00:00,persistence,25.1,76.0,82.0,0.0
2026-10-05 22:00:00,33.15,10,2026-10-06 08:00:00,persistence,25.1,76.0,82.0,0.0
2026-10-05 22:00:00,33.15,11,2026-10-06 09:00:00,persistence,25.1,76.0,82.0,0.0
2026-10-05 22:00:00,33.15,12,2026-10-06 10:00:00,persistence,25.1,76.0,82.0,0.0
2026-10-05 22:00:00,33.15,13,2026-10-06 11:00:00,persistence,25.1,76.0,82.0,0.0
2026-10-05 22:00:00,33.15,14,2026-10-06 12:00:00,persistence,25.1,76.0,82.0,0.0
2026-10-05 22:00:00,33.15,15,2026-10-06 13:00:00,persistence,25.1,76.0,82.0,0.0
2026-10-05 22:00:00,33.15,16,2026-10-06 14:00:00,persistence,25.1,76.0,82.0,0.0
2026-10-05 22:00:00,33.15,17,2026-10-06 15:00:00,persistence,25.1,76.0,82.0,0.0
2026-10-05 22:00:00,33.15,18,2026-10-06 16:00:00,persistence,25.1,76.0,82.0,0.0
2026-10-05 22:00:00,33.15,19,2026-10-06 17:00:00,persistence,25.1,76.0,82.0,0.0
2026-10-05 22:00:00,33.15,20,2026-10-06 18:00:00,persistence,25.1,76.0,82.0,0.0
2026-10-05 22:00:00,33.15,21,2026-10-06 19:00:00,persistence,25.1,76.0,82.0,0.0
2026-10-05 22:00:00,33.15,22,2026-10-06 20:00:00,persistence,25.1,76.0,82.0,0.0
2026-10-05 22:00:00,33.15,23,2026-10-06 21:00:00,persistence,25.1,76.0,82.0,0.0
2026-10-05 22:00:00,33.15,24,2026-10-06 22:00:00,persistence,25.1,76.0,82.0,0.0
2026-10-05 22:00:00,33.16,1,2026-10-05 23:00:00,persistence,24.3,76.0,97.0,0.0
2026-10-05 22:00:00,33.16,2,2026-10-06 00:00:00,persistence,24.3,76.0,97.0,0.0
2026-10-05 22:00:00,33.16,3,2026-10-06 01:00:00,persistence,24.3,76.0,97.0,0.0
2026-10-05 22:00:00,33.16,4,2026-10-06 02:00:00,persistence,24.3,76.0,97.0,0.0
2026-10-05 22:00:00,33.16,5,2026-10-06 03:00:00,persistence,24.3,76.0,97.0,0.0
2026-10-05 22:00:00,33.16,6,2026-10-06 04:00:00,persistence,24.3,76.0,97.0,0.0
2026-10-05 22:00:00,33.16,7,2026-10-06 05:00:00,persistence,24.3,76.0,97.0,0.0
2026-10-05 22:00:00,33.16,8,2026-10-06 06:00:00,persistence,24.3,76.0,97.0,0.0
2026-10-05 22:00:00,33.16,9,2026-10-06 07:00:00,persistence,24.3,76.0,97.0,0.0
2026-10-05 22:00:00,33.16,10,2026-10-06 08:00:00,persistence,24.3,76.0,97.0,0.0
2026-10-05 22:00:00,33.16,11,2026-10-06 09:00:00,persistence,24.3,76.0,97.0,0.0
2026-10-05 22:00:00,33.16,12,2026-10-06 10:00:00,persistence,24.3,76.0,97.0,0.0
2026-10-05 22:00:00,33.16,13,2026-10-06 11:00:00,persistence,24.3,76.0,97.0,0.0
2026-10-05 22:00:00,33.16,14,2026-10-06 12:00:00,persistence,24.3,76.0,97.0,0.0
2026-10-05 22:00:00,33.16,15,2026-10-06 13:00:00,persistence,24.3,76.0,97.0,0.0
2026-10-05 22:00:00,33.16,16,2026-10-06 14:00:00,persistence,24.3,76.0,97.0,0.0
2026-10-05 22:00:00,33.16,17,2026-10-06 15:00:00,persistence,24.3,76.0,97.0,0.0
2026-10-05 22:00:00,33.16,18,2026-10-06 16:00:00,persistence,24.3,76.0,97.0,0.0
2026-10-05 22:00:00,33.16,19,2026-10-06 17:00:00,persistence,24.3,76.0,97.0,0.0
2026-10-05 22:00:00,33.16,20,2026-10-06 18:00:00,persistence,24.3,76.0,97.0,0.0
2026-10-05 22:00:00,33.16,21,2026-10-06 19:00:00,persistence,24.3,76.0,97.0,0.0
2026-10-05 22:00:00,33.16,22,2026-10-06 20:00:00,persistence,24.3,76.0,97.0,0.0
2026-10-05 22:00:00,33.16,23,2026-10-06 21:00:00,persistence,24.3,76.0,97.0,0.0
2026-10-05 22:00:00,33.16,24,2026-10-06 22:00:00,persistence,24.3,76.0,97.0,0.0
2026-10-05 22:00:00,33.17,1,2026-10-05 23:00:00,persistence,24.6,76.0,88.0,0.0
2026-10-05 22:00:00,33.17,2,2026-10-06 00:00:00,persistence,24.6,76.0,88.0,0.0
2026-10-05 22:00:00,33.17,3,2026-10-06 01:00:00,persistence,24.6,76.0,88.0,0.0
2026-10-05 22:00:00,33.17,4,2026-10-06 02:00:00,persistence,24.6,76.0,88.0,0.0
2026-10-05 22:00:00,33.17,5,2026-10-06 03:00:00,persistence,24.6,76.0,88.0,0.0
2026-10-05 22:00:00,33.17,6,2026-10-06 04:00:00,persistence,24.6,76.0,88.0,0.0
2026-10-05 22:00:00,33.17,7,2026-10-06 05:00:00,persistence,24.6,76.0,88.0,0.0
2026-10-05 22:00:00,33.17,8,2026-10-06 06:00:00,persistence,24.6,76.0,88.0,0.0
2026-10-05 22:00:00,33.17,9,2026-10-06 07:00:00,persistence,24.6,76.0,88.0,0.0
2026-10-05 22:00:00,33.17,10,2026-10-06 08:00:00,persistence,24.6,76.0,88.0,0.0
2026-10-05 22:00:00,33.17,11,2026-10-06 09:00:00,persistence,24.6,76.0,88.0,0.0
2026-10-05 22:00:00,33.17,12,2026-10-06 10:00:00,persistence,24.6,76.0,88.0,0.0
2026-10-05 22:00:00,33.17,13,2026-10-06 11:00:00,persistence,24.6,76.0,88.0,0.0
2026-10-05 22:00:00,33.17,14,2026-10-06 12:00:00,persistence,24.6,76.0,88.0,0.0
2026-10-05 22:00:00,33.17,15,2026-10-06 13:00:00,persistence,24.6,76.0,88.0,0.0
2026-10-05 22:00:00,33.17,16,2026-10-06 14:00:00,persistence,24.6,76.0,88.0,0.0
2026-10-05 22:00:00,33.17,17,2026-10-06 15:00:00,persistence,24.6,76.0,88.0,0.0
2026-10-05 22:00:00,33.17,18,2026-10-06 16:00:00,persistence,24.6,76.0,88.0,0.0
2026-10-05 22:00:00,33.17,19,2026-10-06 17:00:00,persistence,24.6,76.0,88.0,0.0
2026-10-05 22:00:00,33.17,20,2026-10-06 18:00:00,persistence,24.6,76.0,88.0,0.0
2026-10-05 22:00:00,33.17,21,2026-10-06 19:00:00,persistence,24.6,76.0,88.0,0.0
2026-10-05 22:00:00,33.17,22,2026-10-06 20:00:00,persistence,24.6,76.0,88.0,0.0
2026-10-05 22:00:00,33.17,23,2026-10-06 21:00:00,persistence,24.6,76.0,88.0,0.0
2026-10-05 22:00:00,33.17,24,2026-10-06 22:00:00,persistence,24.6,76.0,88.0,0.0
2026-10-05 22:00:00,33.18,1,2026-10-05 23:00:00,persistence,24.8,96.0,78.0,0.0
2026-10-05 22:00:00,33.18,2,2026-10-06 00:00:00,persistence,24.8,96.0,78.0,0.0
2026-10-05 22:00:00,33.18,3,2026-10-06 01:00:00,persistence,24.8,96.0,78.0,0.0
2026-10-05 22:00:00,33.18,4,2026-10-06 02:00:00,persistence,24.8,96.0,78.0,0.0
2026-10-05 22:00:00,33.18,5,2026-10-06 03:00:00,persistence,24.8,96.0,78.0,0.0
2026-10-05 22:00:00,33.18,6,2026-10-06 04:00:00,persistence,24.8,96.0,78.0,0.0
2026-10-05 22:00:00,33.18,7,2026-10-06 05:00:00,persistence,24.8,96.0,78.0,0.0
2026-10-05 22:00:00,33.18,8,2026-10-06 06:00:00,persistence,24.8,96.0,78.0,0.0
2026-10-05 22:00:00,33.18,9,2026-10-06 07:00:00,persistence,24.8,96.0,78.0,0.0
2026-10-05 22:00:00,33.18,10,2026-10-06 08:00:00,persistence,24.8,96.0,78.0,0.0
2026-10-05 22:00:00,33.18,11,2026-10-06 09:00:00,persistence,24.8,96.0,78.0,0.0
2026-10-05 22:00:00,33.18,12,2026-10-06 10:00:00,persistence,24.8,96.0,78.0,0.0
2026-10-05 22:00:00,33.18,13,2026-10-06 11:00:00,persistence,24.8,96.0,78.0,0.0
2026-10-05 22:00:00,33.18,14,2026-10-06 12:00:00,persistence,24.8,96.0,78.0,0.0
2026-10-05 22:00:00,33.18,15,2026-10-06 13:00:00,persistence,24.8,96.0,78.0,0.0
2026-10-05 22:00:00,33.18,16,2026-10-06 14:00:00,persistence,24.8,96.0,78.0,0.0
2026-10-05 22:00:00,33.18,17,2026-10-06 15:00:00,persistence,24.8,96.0,78.0,0.0
2026-10-05 22:00:00,33.18,18,2026-10-06 16:00:00,persistence,24.8,96.0,78.0,0.0
2026-10-05 22:00:00,33.18,19,2026-10-06 17:00:00,persistence,24.8,96.0,78.0,0.0
2026-10-05 22:00:00,33.18,20,2026-10-06 18:00:00,persistence,24.8,96.0,78.0,0.0
2026-10-05 22:00:00,33.18,21,2026-10-06 19:00:00,persistence,24.8,96.0,78.0,0.0
2026-10-05 22:00:00,33.18,22,2026-10-06 20:00:00,persistence,24.8,96.0,78.0,0.0
2026-10-05 22:00:00,33.18,23,2026-10-06 21:00:00,persistence,24.8,96.0,78.0,0.0
2026-10-05 22:00:00,33.18,24,2026-10-06 22:00:00,persistence,24.8,96.0,78.0,0.0
2026-10-05 22:00:00,33.19,1,2026-10-05 23:00:00,persistence,25.3,86.0,81.0,0.0
2026-10-05 22:00:00,33.19,2,2026-10-06 00:00:00,persistence,25.3,86.0,81.0,0.0
2026-10-05 22:00:00,33.19,3,2026-10-06 01:00:00,persistence,25.3,86.0,81.0,0.0
2026-10-05 22:00:00,33.19,4,2026-10-06 02:00:00,persistence,25.3,86.0,81.0,0.0
2026-10-05 22:00:00,33.19,5,2026-10-06 03:00:00,persistence,25.3,86.0,81.0,0.0
2026-10-05 22:00:00,33.19,6,2026-10-06 04:00:00,persistence,25.3,86.0,81.0,0.0
2026-10-05 22:00:00,33.19,7,2026-10-06 05:00:00,persistence,25.3,86.0,81.0,0.0
2026-10-05 22:00:00,33.19,8,2026-10-06 06:00:00,persistence,25.3,86.0,81.0,0.0
2026-10-05 22:00:00,33.19,9,2026-10-06 07:00:00,persistence,25.3,86.0,81.0,0.0
2026-10-05 22:00:00,33.19,10,2026-10-06 08:00:00,persistence,25.3,86.0,81.0,0.0
2026-10-05 22:00:00,33.19,11,2026-10-06 09:00:00,persistence,25.3,86.0,81.0,0.0
2026-10-05 22:00:00,33.19,12,2026-10-06 10:00:00,persistence,25.3,86.0,81.0,0.0
2026-10-05 22:00:00,33.19,13,2026-10-06 11:00:00,persistence,25.3,86.0,81.0,0.0
2026-10-05 22:00:00,33.19,14,2026-10-06 12:00:00,persistence,25.3,86.0,81.0,0.0
2026-10-05 22:00:00,33.19,15,2026-10-06 13:00:00,persistence,25.3,86.0,81.0,0.0
2026-10-05 22:00:00,33.19,16,2026-10-06 14:00:00,persistence,25.3,86.0,81.0,0.0
2026-10-05 22:00:00,33.19,17,2026-10-06 15:00:00,persistence,25.3,86.0,81.0,0.0
2026-10-05 22:00:00,33.19,18,2026-10-06 16:00:00,persistence,25.3,86.0,81.0,0.0
2026-10-05 22:00:00,33.19,19,2026-10-06 17:00:00,persistence,25.3,86.0,81.0,0.0
2026-10-05 22:00:00,33.19,20,2026-10-06 18:00:00,persistence,25.3,86.0,81.0,0.0
2026-10-05 22:00:00,33.19,21,2026-10-06 19:00:00,persistence,25.3,86.0,81.0,0.0
2026-10-05 22:00:00,33.19,22,2026-10-06 20:00:00,persistence,25.3,86.0,81.0,0.0
2026-10-05 22:00:00,33.19,23,2026-10-06 21:00:00,persistence,25.3,86.0,81.0,0.0
2026-10-05 22:00:00,33.19,24,2026-10-06 22:00:00,persistence,25.3,86.0,81.0,0.0
2026-10-05 22:00:00,33.20,1,2026-10-05 23:00:00,persistence,25.4,82.0,74.0,0.0
2026-10-05 22:00:00,33.20,2,2026-10-06 00:00:00,persistence,25.4,82.0,74.0,0.0
2026-10-05 22:00:00,33.20,3,2026-10-06 01:00:00,persistence,25.4,82.0,74.0,0.0
2026-10-05 22:00:00,33.20,4,2026-10-06 02:00:00,persistence,25.4,82.0,74.0,0.0
2026-10-05 22:00:00,33.20,5,2026-10-06 03:00:00,persistence,25.4,82.0,74.0,0.0
2026-10-05 22:00:00,33.20,6,2026-10-06 04:00:00,persistence,25.4,82.0,74.0,0.0
2026-10-05 22:00:00,33.20,7,2026-10-06 05:00:00,persistence,25.4,82.0,74.0,0.0
2026-10-05 22:00:00,33.20,8,2026-10-06 06:00:00,persistence,25.4,82.0,74.0,0.0
2026-10-05 22:00:00,33.20,9,2026-10-06 07:00:00,persistence,25.4,82.0,74.0,0.0
2026-10-05 22:00:00,33.20,10,2026-10-06 08:00:00,persistence,25.4,82.0,74.0,0.0
2026-10-05 22:00:00,33.20,11,2026-10-06 09:00:00,persistence,25.4,82.0,74.0,0.0
2026-10-05 22:00:00,33.20,12,2026-10-06 10:00:00,persistence,25.4,82.0,74.0,0.0
2026-10-05 22:00:00,33.20,13,2026-10-06 11:00:00,persistence,25.4,82.0,74.0,0.0
2026-10-05 22:00:00,33.20,14,2026-10-06 12:00:00,persistence,25.4,82.0,74.0,0.0
2026-10-05 22:00:00,33.20,15,2026-10-06 13:00:00,persistence,25.4,82.0,74.0,0.0
2026-10-05 22:00:00,33.20,16,2026-10-06 14:00:00,persistence,25.4,82.0,74.0,0.0
2026-10-05 22:00:00,33.20,17,2026-10-06 15:00:00,persistence,25.4,82.0,74.0,0.0
2026-10-05 22:00:00,33.20,18,2026-10-06 16:00:00,persistence,25.4,82.0,74.0,0.0
2026-10-05 22:00:00,33.20,19,2026-10-06 17:00:00,persistence,25.4,82.0,74.0,0.0
2026-10-05 22:00:00,33.20,20,2026-10-06 18:00:00,persistence,25.4,82.0,74.0,0.0
2026-10-05 22:00:00,33.20,21,2026-10-06 19:00:00,persistence,25.4,82.0,74.0,0.0
2026-10-05 22:00:00,33.20,22,2026-10-06 20:00:00,persistence,25.4,82.0,74.0,0.0
2026-10-05 22:00:00,33.20,23,2026-10-06 21:00:00,persistence,25.4,82.0,74.0,0.0
2026-10-05 22:00:00,33.20,24,2026-10-06 22:00:00,persistence,25.4,82.0,74.0,0.0
2026-10-05 22:00:00,33.21,1,2026-10-05 23:00:00,persistence,26.1,66.0,95.0,0.0
2026-10-05 22:00:00,33.21,2,2026-10-06 00:00:00,persistence,26.1,66.0,95.0,0.0
2026-10-05 22:00:00,33.21,3,2026-10-06 01:00:00,persistence,26.1,66.0,95.0,0.0
2026-10-05 22:00:00,33.21,4,2026-10-06 02:00:00,persistence,26.1,66.0,95.0,0.0
2026-10-05 22:00:00,33.21,5,2026-10-06 03:00:00,persistence,26.1,66.0,95.0,0.0
2026-10-05 22:00:00,33.21,6,2026-10-06 04:00:00,persistence,26.1,66.0,95.0,0.0
2026-10-05 22:00:00,33.21,7,2026-10-06 05:00:00,persistence,26.1,66.0,95.0,0.0
2026-10-05 22:00:00,33.21,8,2026-10-06 06:00:00,persistence,26.1,66.0,95.0,0.0
2026-10-05 22:00:00,33.21,9,2026-10-06 07:00:00,persistence,26.1,66.0,95.0,0.0
2026-10-05 22:00:00,33.21,10,2026-10-06 08:00:00,persistence,26.1,66.0,95.0,0.0
2026-10-05 22:00:00,33.21,11,2026-10-06 09:00:00,persistence,26.1,66.0,95.0,0.0
2026-10-05 22:00:00,33.21,12,2026-10-06 10:00:00,persistence,26.1,66.0,95.0,0.0
2026-10-05 22:00:00,33.21,13,2026-10-06 11:00:00,persistence,26.1,66.0,95.0,0.0
2026-10-05 22:00:00,33.21,14,2026-10-06 12:00:00,persistence,26.1,66.0,95.0,0.0
2026-10-05 22:00:00,33.21,15,2026-10-06 13:00:00,persistence,26.1,66.0,95.0,0.0
2026-10-05 22:00:00,33.21,16,2026-10-06 14:00:00,persistence,26.1,66.0,95.0,0.0
2026-10-05 22:00:00,33.21,17,2026-10-06 15:00:00,persistence,26.1,66.0,95.0,0.0
2026-10-05 22:00:00,33.21,18,2026-10-06 16:00:00,persistence,26.1,66.0,95.0,0.0
2026-10-05 22:00:00,33.21,19,2026-10-06 17:00:00,persistence,26.1,66.0,95.0,0.0
2026-10-05 22:00:00,33.21,20,2026-10-06 18:00:00,persistence,26.1,66.0,95.0,0.0
2026-10-05 22:00:00,33.21,21,2026-10-06 19:00:00,persistence,26.1,66.0,95.0,0.0
2026-10-05 22:00:00,33.21,22,2026-10-06 20:00:00,persistence,26.1,66.0,95.0,0.0
2026-10-05 22:00:00,33.21,23,2026-10-06 21:00:00,persistence,26.1,66.0,95.0,0.0
2026-10-05 22:00:00,33.21,24,2026-10-06 22:00:00,persistence,26.1,66.0,95.0,0.0
2026-10-05 22:00:00,33.22,1,2026-10-05 23:00:00,persistence,23.2,76.0,88.0,0.0
2026-10-05 22:00:00,33.22,2,2026-10-06 00:00:00,persistence,23.2,76.0,88.0,0.0
2026-10-05 22:00:00,33.22,3,2026-10-06 01:00:00,persistence,23.2,76.0,88.0,0.0
2026-10-05 22:00:00,33.22,4,2026-10-06 02:00:00,persistence,23.2,76.0,88.0,0.0
2026-10-05 22:00:00,33.22,5,2026-10-06 03:00:00,persistence,23.2,76.0,88.0,0.0
2026-10-05 22:00:00,33.22,6,2026-10-06 04:00:00,persistence,23.2,76.0,88.0,0.0
2026-10-05 22:00:00,33.22,7,2026-10-06 05:00:00,persistence,23.2,76.0,88.0,0.0
2026-10-05 22:00:00,33.22,8,2026-10-06 06:00:00,persistence,23.2,76.0,88.0,0.0
2026-10-05 22:00:00,33.22,9,2026-10-06 07:00:00,persistence,23.2,76.0,88.0,0.0
2026-10-05 22:00:00,33.22,10,2026-10-06 08:00:00,persistence,23.2,76.0,88.0,0.0
2026-10-05 22:00:00,33.22,11,2026-10-06 09:00:00,persistence,23.2,76.0,88.0,0.0
2026-10-05 22:00:00,33.22,12,2026-10-06 10:00:00,persistence,23.2,76.0,88.0,0.0
2026-10-05 22:00:00,33.22,13,2026-10-06 11:00:00,persistence,23.2,76.0,88.0,0.0
2026-10-05 22:00:00,33.22,14,2026-10-06 12:00:00,persistence,23.2,76.0,88.0,0.0
2026-10-05 22:00:00,33.22,15,2026-10-06 13:00:00,persistence,23.2,76.0,88.0,0.0
2026-10-05 22:00:00,33.22,16,2026-10-06 14:00:00,persistence,23.2,76.0,88.0,0.0
2026-10-05 22:00:00,33.22,17,2026-10-06 15:00:00,persistence,23.2,76.0,88.0,0.0
2026-10-05 22:00:00,33.22,18,2026-10-06 16:00:00,persistence,23.2,76.0,88.0,0.0
2026-10-05 22:00:00,33.22,19,2026-10-06 17:00:00,persistence,23.2,76.0,88.0,0.0
2026-10-05 22:00:00,33.22,20,2026-10-06 18:00:00,persistence,23.2,76.0,88.0,0.0
2026-10-05 22:00:00,33.22,21,2026-10-06 19:00:00,persistence,23.2,76.0,88.0,0.0
2026-10-05 22:00:00,33.22,22,2026-10-06 20:00:00,persistence,23.2,76.0,88.0,0.0
2026-10-05 22:00:00,33.22,23,2026-10-06 21:00:00,persistence,23.2,76.0,88.0,0.0
2026-10-05 22:00:00,33.22,24,2026-10-06 22:00:00,persistence,23.2,76.0,88.0,0.0
2026-10-05 22:00:00,33.23,1,2026-10-05 23:00:00,persistence,18.5,90.0,70.0,0.0
2026-10-05 22:00:00,33.23,2,2026-10-06 00:00:00,persistence,18.5,90.0,70.0,0.0
2026-10-05 22:00:00,33.23,3,2026-10-06 01:00:00,persistence,18.5,90.0,70.0,0.0
2026-10-05 22:00:00,33.23,4,2026-10-06 02:00:00,persistence,18.5,90.0,70.0,0.0
2026-10-05 22:00:00,33.23,5,2026-10-06 03:00:00,persistence,18.5,90.0,70.0,0.0
2026-10-05 22:00:00,33.23,6,2026-10-06 04:00:00,persistence,18.5,90.0,70.0,0.0
2026-10-05 22:00:00,33.23,7,2026-10-06 05:00:00,persistence,18.5,90.0,70.0,0.0
2026-10-05 22:00:00,33.23,8,2026-10-06 06:00:00,persistence,18.5,90.0,70.0,0.0
2026-10-05 22:00:00,33.23,9,2026-10-06 07:00:00,persistence,18.5,90.0,70.0,0.0
2026-10-05 22:00:00,33.23,10,2026-10-06 08:00:00,persistence,18.5,90.0,70.0,0.0
2026-10-05 22:00:00,33.23,11,2026-10-06 09:00:00,persistence,18.5,90.0,70.0,0.0
2026-10-05 22:00:00,33.23,12,2026-10-06 10:00:00,persistence,18.5,90.0,70.0,0.0
2026-10-05 22:00:00,33.23,13,2026-10-06 11:00:00,persistence,18.5,90.0,70.0,0.0
2026-10-05 22:00:00,33.23,14,2026-10-06 12:00:00,persistence,18.5,90.0,70.0,0.0
2026-10-05 22:00:00,33.23,15,2026-10-06 13:00:00,persistence,18.5,90.0,70.0,0.0
2026-10-05 22:00:00,33.23,16,2026-10-06 14:00:00,persistence,18.5,90.0,70.0,0.0
2026-10-05 22:00:00,33.23,17,2026-10-06 15:00:00,persistence,18.5,90.0,70.0,0.0
2026-10-05 22:00:00,33.23,18,2026-10-06 16:00:00,persistence,18.5,90.0,70.0,0.0
2026-10-05 22:00:00,33.23,19,2026-10-06 17:00:00,persistence,18.5,90.0,70.0,0.0
2026-10-05 22:00:00,33.23,20,2026-10-06 18:00:00,persistence,18.5,90.0,70.0,0.0
2026-10-05 22:00:00,33.23,21,2026-10-06 19:00:00,persistence,18.5,90.0,70.0,0.0
2026-10-05 22:00:00,33.23,22,2026-10-06 20:00:00,persistence,18.5,90.0,70.0,0.0
2026-10-05 22:00:00,33.23,23,2026-10-06 21:00:00,persistence,18.5,90.0,70.0,0.0
2026-10-05 22:00:00,33.23,24,2026-10-06 22:00:00,persistence,18.5,90.0,70.0,0.0
2026-10-05 22:00:00,33.24,1,2026-10-05 23:00:00,persistence,25.1,69.0,79.0,0.0
2026-10-05 22:00:00,33.24,2,2026-10-06 00:00:00,persistence,25.1,69.0,79.0,0.0
2026-10-05 22:00:00,33.24,3,2026-10-06 01:00:00,persistence,25.1,69.0,79.0,0.0
2026-10-05 22:00:00,33.24,4,2026-10-06 02:00:00,persistence,25.1,69.0,79.0,0.0
2026-10-05 22:00:00,33.24,5,2026-10-06 03:00:00,persistence,25.1,69.0,79.0,0.0
2026-10-05 22:00:00,33.24,6,2026-10-06 04:00:00,persistence,25.1,69.0,79.0,0.0
2026-10-05 22:00:00,33.24,7,2026-10-06 05:00:00,persistence,25.1,69.0,79.0,0.0
2026-10-05 22:00:00,33.24,8,2026-10-06 06:00:00,persistence,25.1,69.0,79.0,0.0
2026-10-05 22:00:00,33.24,9,2026-10-06 07:00:00,persistence,25.1,69.0,79.0,0.0
2026-10-05 22:00:00,33.24,10,2026-10-06 08:00:00,persistence,25.1,69.0,79.0,0.0
2026-10-05 22:00:00,33.24,11,2026-10-06 09:00:00,persistence,25.1,69.0,79.0,0.0
2026-10-05 22:00:00,33.24,12,2026-10-06 10:00:00,persistence,25.1,69.0,79.0,0.0
2026-10-05 22:00:00,33.24,13,2026-10-06 11:00:00,persistence,25.1,69.0,79.0,0.0
2026-10-05 22:00:00,33.24,14,2026-10-06 12:00:00,persistence,25.1,69.0,79.0,0.0
2026-10-05 22:00:00,33.24,15,2026-10-06 13:00:00,persistence,25.1,69.0,79.0,0.0
2026-10-05 22:00:00,33.24,16,2026-10-06 14:00:00,persistence,25.1,69.0,79.0,0.0
2026-10-05 22:00:00,33.24,17,2026-10-06 15:00:00,persistence,25.1,69.0,79.0,0.0
2026-10-05 22:00:00,33.24,18,2026-10-06 16:00:00,persistence,25.1,69.0,79.0,0.0
2026-10-05 22:00:00,33.24,19,2026-10-06 17:00:00,persistence,25.1,69.0,79.0,0.0
2026-10-05 22:00:00,33.24,20,2026-10-06 18:00:00,persistence,25.1,69.0,79.0,0.0
2026-10-05 22:00:00,33.24,21,2026-10-06 19:00:00,persistence,25.1,69.0,79.0,0.0
2026-10-05 22:00:00,33.24,22,2026-10-06 20:00:00,persistence,25.1,69.0,79.0,0.0
2026-10-05 22:00:00,33.24,23,2026-10-06 21:00:00,persistence,25.1,69.0,79.0,0.0
2026-10-05 22:00:00,33.24,24,2026-10-06 22:00:00,persistence,25.1,69.0,79.0,0.0
2026-10-05 22:00:00,33.25,1,2026-10-05 23:00:00,persistence,26.6,80.0,38.0,0.0
2026-10-05 22:00:00,33.25,2,2026-10-06 00:00:00,persistence,26.6,80.0,38.0,0.0
2026-10-05 22:00:00,33.25,3,2026-10-06 01:00:00,persistence,26.6,80.0,38.0,0.0
2026-10-05 22:00:00,33.25,4,2026-10-06 02:00:00,persistence,26.6,80.0,38.0,0.0
2026-10-05 22:00:00,33.25,5,2026-10-06 03:00:00,persistence,26.6,80.0,38.0,0.0
2026-10-05 22:00:00,33.25,6,2026-10-06 04:00:00,persistence,26.6,80.0,38.0,0.0
2026-10-05 22:00:00,33.25,7,2026-10-06 05:00:00,persistence,26.6,80.0,38.0,0.0
2026-10-05 22:00:00,33.25,8,2026-10-06 06:00:00,persistence,26.6,80.0,38.0,0.0
2026-10-05 22:00:00,33.25,9,2026-10-06 07:00:00,persistence,26.6,80.0,38.0,0.0
2026-10-05 22:00:00,33.25,10,2026-10-06 08:00:00,persistence,26.6,80.0,38.0,0.0
2026-10-05 22:00:00,33.25,11,2026-10-06 09:00:00,persistence,26.6,80.0,38.0,0.0
2026-10-05 22:00:00,33.25,12,2026-10-06 10:00:00,persistence,26.6,80.0,38.0,0.0
2026-10-05 22:00:00,33.25,13,2026-10-06 11:00:00,persistence,26.6,80.0,38.0,0.0
2026-10-05 22:00:00,33.25,14,2026-10-06 12:00:00,persistence,26.6,80.0,38.0,0.0
2026-10-05 22:00:00,33.25,15,2026-10-06 13:00:00,persistence,26.6,80.0,38.0,0.0
2026-10-05 22:00:00,33.25,16,2026-10-06 14:00:00,persistence,26.6,80.0,38.0,0.0
2026-10-05 22:00:00,33.25,17,2026-10-06 15:00:00,persistence,26.6,80.0,38.0,0.0
2026-10-05 22:00:00,33.25,18,2026-10-06 16:00:00,persistence,26.6,80.0,38.0,0.0
2026-10-05 22:00:00,33.25,19,2026-10-06 17:00:00,persistence,26.6,80.0,38.0,0.0
2026-10-05 22:00:00,33.25,20,2026-10-06 18:00:00,persistence,26.6,80.0,38.0,0.0
2026-10-05 22:00:00,33.25,21,2026-10-06 19:00:00,persistence,26.6,80.0,38.0,0.0
2026-10-05 22:00:00,33.25,22,2026-10-06 20:00:00,persistence,26.6,80.0,38.0,0.0
2026-10-05 22:00:00,33.25,23,2026-10-06 21:00:00,persistence,26.6,80.0,38.0,0.0
2026-10-05 22:00:00,33.25,24,2026-10-06 22:00:00,persistence,26.6,80.0,38.0,0.0
2026-10-05 22:00:00,33.26,1,2026-10-05 23:00:00,persistence,24.1,94.0,60.0,0.0
2026-10-05 22:00:00,33.26,2,2026-10-06 00:00:00,persistence,24.1,94.0,60.0,0.0
2026-10-05 22:00:00,33.26,3,2026-10-06 01:00:00,persistence,24.1,94.0,60.0,0.0
2026-10-05 22:00:00,33.26,4,2026-10-06 02:00:00,persistence,24.1,94.0,60.0,0.0
2026-10-05 22:00:00,33.26,5,2026-10-06 03:00:00,persistence,24.1,94.0,60.0,0.0
2026-10-05 22:00:00,33.26,6,2026-10-06 04:00:00,persistence,24.1,94.0,60.0,0.0
2026-10-05 22:00:00,33.26,7,2026-10-06 05:00:00,persistence,24.1,94.0,60.0,0.0
2026-10-05 22:00:00,33.26,8,2026-10-06 06:00:00,persistence,24.1,94.0,60.0,0.0
2026-10-05 22:00:00,33.26,9,2026-10-06 07:00:00,persistence,24.1,94.0,60.0,0.0
2026-10-05 22:00:00,33.26,10,2026-10-06 08:00:00,persistence,24.1,94.0,60.0,0.0
2026-10-05 22:00:00,33.26,11,2026-10-06 09:00:00,persistence,24.1,94.0,60.0,0.0
2026-10-05 22:00:00,33.26,12,2026-10-06 10:00:00,persistence,24.1,94.0,60.0,0.0
2026-10-05 22:00:00,33.26,13,2026-10-06 11:00:00,persistence,24.1,94.0,60.0,0.0
2026-10-05 22:00:00,33.26,14,2026-10-06 12:00:00,persistence,24.1,94.0,60.0,0.0
2026-10-05 22:00:00,33.26,15,2026-10-06 13:00:00,persistence,24.1,94.0,60.0,0.0
2026-10-05 22:00:00,33.26,16,2026-10-06 14:00:00,persistence,24.1,94.0,60.0,0.0
2026-10-05 22:00:00,33.26,17,2026-10-06 15:00:00,persistence,24.1,94.0,60.0,0.0
2026-10-05 22:00:00,33.26,18,2026-10-06 16:00:00,persistence,24.1,94.0,60.0,0.0
2026-10-05 22:00:00,33.26,19,2026-10-06 17:00:00,persistence,24.1,94.0,60.0,0.0
2026-10-05 22:00:00,33.26,20,2026-10-06 18:00:00,persistence,24.1,94.0,60.0,0.0
2026-10-05 22:00:00,33.26,21,2026-10-06 19:00:00,persistence,24.1,94.0,60.0,0.0
2026-10-05 22:00:00,33.26,22,2026-10-06 20:00:00,persistence,24.1,94.0,60.0,0.0
2026-10-05 22:00:00,33.26,23,2026-10-06 21:00:00,persistence,24.1,94.0,60.0,0.0
2026-10-05 22:00:00,33.26,24,2026-10-06 22:00:00,persistence,24.1,94.0,60.0,0.0
2026-10-05 22:00:00,33.27,1,2026-10-05 23:00:00,persistence,25.8,73.0,39.0,0.0
2026-10-05 22:00:00,33.27,2,2026-10-06 00:00:00,persistence,25.8,73.0,39.0,0.0
2026-10-05 22:00:00,33.27,3,2026-10-06 01:00:00,persistence,25.8,73.0,39.0,0.0
2026-10-05 22:00:00,33.27,4,2026-10-06 02:00:00,persistence,25.8,73.0,39.0,0.0
2026-10-05 22:00:00,33.27,5,2026-10-06 03:00:00,persistence,25.8,73.0,39.0,0.0
2026-10-05 22:00:00,33.27,6,2026-10-06 04:00:00,persistence,25.8,73.0,39.0,0.0
2026-10-05 22:00:00,33.27,7,2026-10-06 05:00:00,persistence,25.8,73.0,39.0,0.0
2026-10-05 22:00:00,33.27,8,2026-10-06 06:00:00,persistence,25.8,73.0,39.0,0.0
2026-10-05 22:00:00,33.27,9,2026-10-06 07:00:00,persistence,25.8,73.0,39.0,0.0
2026-10-05 22:00:00,33.27,10,2026-10-06 08:00:00,persistence,25.8,73.0,39.0,0.0
2026-10-05 22:00:00,33.27,11,2026-10-06 09:00:00,persistence,25.8,73.0,39.0,0.0
2026-10-05 22:00:00,33.27,12,2026-10-06 10:00:00,persistence,25.8,73.0,39.0,0.0
2026-10-05 22:00:00,33.27,13,2026-10-06 11:00:00,persistence,25.8,73.0,39.0,0.0
2026-10-05 22:00:00,33.27,14,2026-10-06 12:00:00,persistence,25.8,73.0,39.0,0.0
2026-10-05 22:00:00,33.27,15,2026-10-06 13:00:00,persistence,25.8,73.0,39.0,0.0
2026-10-05 22:00:00,33.27,16,2026-10-06 14:00:00,persistence,25.8,73.0,39.0,0.0
2026-10-05 22:00:00,33.27,17,2026-10-06 15:00:00,persistence,25.8,73.0,39.0,0.0
2026-10-05 22:00:00,33.27,18,2026-10-06 16:00:00,persistence,25.8,73.0,39.0,0.0
2026-10-05 22:00:00,33.27,19,2026-10-06 17:00:00,persistence,25.8,73.0,39.0,0.0
2026-10-05 22:00:00,33.27,20,2026-10-06 18:00:00,persistence,25.8,73.0,39.0,0.0
2026-10-05 22:00:00,33.27,21,2026-10-06 19:00:00,persistence,25.8,73.0,39.0,0.0
2026-10-05 22:00:00,33.27,22,2026-10-06 20:00:00,persistence,25.8,73.0,39.0,0.0
2026-10-05 22:00:00,33.27,23,2026-10-06 21:00:00,persistence,25.8,73.0,39.0,0.0
2026-10-05 22:00:00,33.27,24,2026-10-06 22:00:00,persistence,25.8,73.0,39.0,0.0
2026-10-05 22:00:00,33.28,1,2026-10-05 23:00:00,persistence,24.8,81.0,37.0,0.0
2026-10-05 22:00:00,33.28,2,2026-10-06 00:00:00,persistence,24.8,81.0,37.0,0.0
2026-10-05 22:00:00,33.28,3,2026-10-06 01:00:00,persistence,24.8,81.0,37.0,0.0
2026-10-05 22:00:00,33.28,4,2026-10-06 02:00:00,persistence,24.8,81.0,37.0,0.0
2026-10-05 22:00:00,33.28,5,2026-10-06 03:00:00,persistence,24.8,81.0,37.0,0.0
2026-10-05 22:00:00,33.28,6,2026-10-06 04:00:00,persistence,24.8,81.0,37.0,0.0
2026-10-05 22:00:00,33.28,7,2026-10-06 05:00:00,persistence,24.8,81.0,37.0,0.0
2026-10-05 22:00:00,33.28,8,2026-10-06 06:00:00,persistence,24.8,81.0,37.0,0.0
2026-10-05 22:00:00,33.28,9,2026-10-06 07:00:00,persistence,24.8,81.0,37.0,0.0
2026-10-05 22:00:00,33.28,10,2026-10-06 08:00:00,persistence,24.8,81.0,37.0,0.0
2026-10-05 22:00:00,33.28,11,2026-10-06 09:00:00,persistence,24.8,81.0,37.0,0.0
2026-10-05 22:00:00,33.28,12,2026-10-06 10:00:00,persistence,24.8,81.0,37.0,0.0
2026-10-05 22:00:00,33.28,13,2026-10-06 11:00:00,persistence,24.8,81.0,37.0,0.0
2026-10-05 22:00:00,33.28,14,2026-10-06 12:00:00,persistence,24.8,81.0,37.0,0.0
2026-10-05 22:00:00,33.28,15,2026-10-06 13:00:00,persistence,24.8,81.0,37.0,0.0
2026-10-05 22:00:00,33.28,16,2026-10-06 14:00:00,persistence,24.8,81.0,37.0,0.0
2026-10-05 22:00:00,33.28,17,2026-10-06 15:00:00,persistence,24.8,81.0,37.0,0.0
2026-10-05 22:00:00,33.28,18,2026-10-06 16:00:00,persistence,24.8,81.0,37.0,0.0
2026-10-05 22:00:00,33.28,19,2026-10-06 17:00:00,persistence,24.8,81.0,37.0,0.0
2026-10-05 22:00:00,33.28,20,2026-10-06 18:00:00,persistence,24.8,81.0,37.0,0.0
2026-10-05 22:00:00,33.28,21,2026-10-06 19:00:00,persistence,24.8,81.0,37.0,0.0
2026-10-05 22:00:00,33.28,22,2026-10-06 20:00:00,persistence,24.8,81.0,37.0,0.0
2026-10-05 22:00:00,33.28,23,2026-10-06 21:00:00,persistence,24.8,81.0,37.0,0.0
2026-10-05 22:00:00,33.28,24,2026-10-06 22:00:00,persistence,24.8,81.0,37.0,0.0
2026-10-05 22:00:00,33.29,1,2026-10-05 23:00:00,persistence,25.1,79.0,32.0,0.0
2026-10-05 22:00:00,33.29,2,2026-10-06 00:00:00,persistence,25.1,79.0,32.0,0.0
2026-10-05 22:00:00,33.29,3,2026-10-06 01:00:00,persistence,25.1,79.0,32.0,0.0
2026-10-05 22:00:00,33.29,4,2026-10-06 02:00:00,persistence,25.1,79.0,32.0,0.0
2026-10-05 22:00:00,33.29,5,2026-10-06 03:00:00,persistence,25.1,79.0,32.0,0.0
2026-10-05 22:00:00,33.29,6,2026-10-06 04:00:00,persistence,25.1,79.0,32.0,0.0
2026-10-05 22:00:00,33.29,7,2026-10-06 05:00:00,persistence,25.1,79.0,32.0,0.0
2026-10-05 22:00:00,33.29,8,2026-10-06 06:00:00,persistence,25.1,79.0,32.0,0.0
2026-10-05 22:00:00,33.29,9,2026-10-06 07:00:00,persistence,25.1,79.0,32.0,0.0
2026-10-05 22:00:00,33.29,10,2026-10-06 08:00:00,persistence,25.1,79.0,32.0,0.0
2026-10-05 22:00:00,33.29,11,2026-10-06 09:00:00,persistence,25.1,79.0,32.0,0.0
2026-10-05 22:00:00,33.29,12,2026-10-06 10:00:00,persistence,25.1,79.0,32.0,0.0
2026-10-05 22:00:00,33.29,13,2026-10-06 11:00:00,persistence,25.1,79.0,32.0,0.0
2026-10-05 22:00:00,33.29,14,2026-10-06 12:00:00,persistence,25.1,79.0,32.0,0.0
2026-10-05 22:00:00,33.29,15,2026-10-06 13:00:00,persistence,25.1,79.0,32.0,0.0
2026-10-05 22:00:00,33.29,16,2026-10-06 14:00:00,persistence,25.1,79.0,32.0,0.0
2026-10-05 22:00:00,33.29,17,2026-10-06 15:00:00,persistence,25.1,79.0,32.0,0.0
2026-10-05 22:00:00,33.29,18,2026-10-06 16:00:00,persistence,25.1,79.0,32.0,0.0
2026-10-05 22:00:00,33.29,19,2026-10-06 17:00:00,persistence,25.1,79.0,32.0,0.0
2026-10-05 22:00:00,33.29,20,2026-10-06 18:00:00,persistence,25.1,79.0,32.0,0.0
2026-10-05 22:00:00,33.29,21,2026-10-06 19:00:00,persistence,25.1,79.0,32.0,0.0
2026-10-05 22:00:00,33.29,22,2026-10-06 20:00:00,persistence,25.1,79.0,32.0,0.0
2026-10-05 22:00:00,33.29,23,2026-10-06 21:00:00,persistence,25.1,79.0,32.0,0.0
2026-10-05 22:00:00,33.29,24,2026-10-06 22:00:00,persistence,25.1,79.0,32.0,0.0
2026-10-05 22:00:00,33.71,1,2026-10-05 23:00:00,persistence,20.7,88.0,72.0,0.0
2026-10-05 22:00:00,33.71,2,2026-10-06 00:00:00,persistence,20.7,88.0,72.0,0.0
2026-10-05 22:00:00,33.71,3,2026-10-06 01:00:00,persistence,20.7,88.0,72.0,0.0
2026-10-05 22:00:00,33.71,4,2026-10-06 02:00:00,persistence,20.7,88.0,72.0,0.0
2026-10-05 22:00:00,33.71,5,2026-10-06 03:00:00,persistence,20.7,88.0,72.0,0.0
2026-10-05 22:00:00,33.71,6,2026-10-06 04:00:00,persistence,20.7,88.0,72.0,0.0
2026-10-05 22:00:00,33.71,7,2026-10-06 05:00:00,persistence,20.7,88.0,72.0,0.0
2026-10-05 22:00:00,33.71,8,2026-10-06 06:00:00,persistence,20.7,88.0,72.0,0.0
2026-10-05 22:00:00,33.71,9,2026-10-06 07:00:00,persistence,20.7,88.0,72.0,0.0
2026-10-05 22:00:00,33.71,10,2026-10-06 08:00:00,persistence,20.7,88.0,72.0,0.0
2026-10-05 22:00:00,33.71,11,2026-10-06 09:00:00,persistence,20.7,88.0,72.0,0.0
2026-10-05 22:00:00,33.71,12,2026-10-06 10:00:00,persistence,20.7,88.0,72.0,0.0
2026-10-05 22:00:00,33.71,13,2026-10-06 11:00:00,persistence,20.7,88.0,72.0,0.0
2026-10-05 22:00:00,33.71,14,2026-10-06 12:00:00,persistence,20.7,88.0,72.0,0.0
2026-10-05 22:00:00,33.71,15,2026-10-06 13:00:00,persistence,20.7,88.0,72.0,0.0
2026-10-05 22:00:00,33.71,16,2026-10-06 14:00:00,persistence,20.7,88.0,72.0,0.0
2026-10-05 22:00:00,33.71,17,2026-10-06 15:00:00,persistence,20.7,88.0,72.0,0.0
2026-10-05 22:00:00,33.71,18,2026-10-06 16:00:00,persistence,20.7,88.0,72.0,0.0
2026-10-05 22:00:00,33.71,19,2026-10-06 17:00:00,persistence,20.7,88.0,72.0,0.0
2026-10-05 22:00:00,33.71,20,2026-10-06 18:00:00,persistence,20.7,88.0,72.0,0.0
2026-10-05 22:00:00,33.71,21,2026-10-06 19:00:00,persistence,20.7,88.0,72.0,0.0
2026-10-05 22:00:00,33.71,22,2026-10-06 20:00:00,persistence,20.7,88.0,72.0,0.0
2026-10-05 22:00:00,33.71,23,2026-10-06 21:00:00,persistence,20.7,88.0,72.0,0.0
2026-10-05 22:00:00,33.71,24,2026-10-06 22:00:00,persistence,20.7,88.0,72.0,0.0
2026-10-05 22:00:00,33.72,1,2026-10-05 23:00:00,persistence,24.5,81.0,94.0,0.0
2026-10-05 22:00:00,33.72,2,2026-10-06 00:00:00,persistence,24.5,81.0,94.0,0.0
2026-10-05 22:00:00,33.72,3,2026-10-06 01:00:00,persistence,24.5,81.0,94.0,0.0
2026-10-05 22:00:00,33.72,4,2026-10-06 02:00:00,persistence,24.5,81.0,94.0,0.0
2026-10-05 22:00:00,33.72,5,2026-10-06 03:00:00,persistence,24.5,81.0,94.0,0.0
2026-10-05 22:00:00,33.72,6,2026-10-06 04:00:00,persistence,24.5,81.0,94.0,0.0
2026-10-05 22:00:00,33.72,7,2026-10-06 05:00:00,persistence,24.5,81.0,94.0,0.0
2026-10-05 22:00:00,33.72,8,2026-10-06 06:00:00,persistence,24.5,81.0,94.0,0.0
2026-10-05 22:00:00,33.72,9,2026-10-06 07:00:00,persistence,24.5,81.0,94.0,0.0
2026-10-05 22:00:00,33.72,10,2026-10-06 08:00:00,persistence,24.5,81.0,94.0,0.0
2026-10-05 22:00:00,33.72,11,2026-10-06 09:00:00,persistence,24.5,81.0,94.0,0.0
2026-10-05 22:00:00,33.72,12,2026-10-06 10:00:00,persistence,24.5,81.0,94.0,0.0
2026-10-05 22:00:00,33.72,13,2026-10-06 11:00:00,persistence,24.5,81.0,94.0,0.0
2026-10-05 22:00:00,33.72,14,2026-10-06 12:00:00,persistence,24.5,81.0,94.0,0.0
2026-10-05 22:00:00,33.72,15,2026-10-06 13:00:00,persistence,24.5,81.0,94.0,0.0
2026-10-05 22:00:00,33.72,16,2026-10-06 14:00:00,persistence,24.5,81.0,94.0,0.0
2026-10-05 22:00:00,33.72,17,2026-10-06 15:00:00,persistence,24.5,81.0,94.0,0.0
2026-10-05 22:00:00,33.72,18,2026-10-06 16:00:00,persistence,24.5,81.0,94.0,0.0
2026-10-05 22:00:00,33.72,19,2026-10-06 17:00:00,persistence,24.5,81.0,94.0,0.0
2026-10-05 22:00:00,33.72,20,2026-10-06 18:00:00,persistence,24.5,81.0,94.0,0.0
2026-10-05 22:00:00,33.72,21,2026-10-06 19:00:00,persistence,24.5,81.0,94.0,0.0
2026-10-05 22:00:00,33.72,22,2026-10-06 20:00:00,persistence,24.5,81.0,94.0,0.0
2026-10-05 22:00:00,33.72,23,2026-10-06 21:00:00,persistence,24.5,81.0,94.0,0.0
2026-10-05 22:00:00,33.72,24,2026-10-06 22:00:00,persistence,24.5,81.0,94.0,0.0
2026-10-05 22:00:00,33.73,1,2026-10-05 23:00:00,persistence,22.2,78.0,91.0,0.0
2026-10-05 22:00:00,33.73,2,2026-10-06 00:00:00,persistence,22.2,78.0,91.0,0.0
2026-10-05 22:00:00,33.73,3,2026-10-06 01:00:00,persistence,22.2,78.0,91.0,0.0
2026-10-05 22:00:00,33.73,4,2026-10-06 02:00:00,persistence,22.2,78.0,91.0,0.0
2026-10-05 22:00:00,33.73,5,2026-10-06 03:00:00,persistence,22.2,78.0,91.0,0.0
2026-10-05 22:00:00,33.73,6,2026-10-06 04:00:00,persistence,22.2,78.0,91.0,0.0
2026-10-05 22:00:00,33.73,7,2026-10-06 05:00:00,persistence,22.2,78.0,91.0,0.0
2026-10-05 22:00:00,33.73,8,2026-10-06 06:00:00,persistence,22.2,78.0,91.0,0.0
2026-10-05 22:00:00,33.73,9,2026-10-06 07:00:00,persistence,22.2,78.0,91.0,0.0
2026-10-05 22:00:00,33.73,10,2026-10-06 08:00:00,persistence,22.2,78.0,91.0,0.0
2026-10-05 22:00:00,33.73,11,2026-10-06 09:00:00,persistence,22.2,78.0,91.0,0.0
2026-10-05 22:00:00,33.73,12,2026-10-06 10:00:00,persistence,22.2,78.0,91.0,0.0
2026-10-05 22:00:00,33.73,13,2026-10-06 11:00:00,persistence,22.2,78.0,91.0,0.0
2026-10-05 22:00:00,33.73,14,2026-10-06 12:00:00,persistence,22.2,78.0,91.0,0.0
2026-10-05 22:00:00,33.73,15,2026-10-06 13:00:00,persistence,22.2,78.0,91.0,0.0
2026-10-05 22:00:00,33.73,16,2026-10-06 14:00:00,persistence,22.2,78.0,91.0,0.0
2026-10-05 22:00:00,33.73,17,2026-10-06 15:00:00,persistence,22.2,78.0,91.0,0.0
2026-10-05 22:00:00,33.73,18,2026-10-06 16:00:00,persistence,22.2,78.0,91.0,0.0
2026-10-05 22:00:00,33.73,19,2026-10-06 17:00:00,persistence,22.2,78.0,91.0,0.0
2026-10-05 22:00:00,33.73,20,2026-10-06 18:00:00,persistence,22.2,78.0,91.0,0.0
2026-10-05 22:00:00,33.73,21,2026-10-06 19:00:00,persistence,22.2,78.0,91.0,0.0
2026-10-05 22:00:00,33.73,22,2026-10-06 20:00:00,persistence,22.2,78.0,91.0,0.0
2026-10-05 22:00:00,33.73,23,2026-10-06 21:00:00,persistence,22.2,78.0,91.0,0.0
2026-10-05 22:00:00,33.73,24,2026-10-06 22:00:00,persistence,22.2,78.0,91.0,0.0
2026-10-05 22:00:00,33.74,1,2026-10-05 23:00:00,persistence,26.8,73.0,88.0,0.0
2026-10-05 22:00:00,33.74,2,2026-10-06 00:00:00,persistence,26.8,73.0,88.0,0.0
2026-10-05 22:00:00,33.74,3,2026-10-06 01:00:00,persistence,26.8,73.0,88.0,0.0
2026-10-05 22:00:00,33.74,4,2026-10-06 02:00:00,persistence,26.8,73.0,88.0,0.0
2026-10-05 22:00:00,33.74,5,2026-10-06 03:00:00,persistence,26.8,73.0,88.0,0.0
2026-10-05 22:00:00,33.74,6,2026-10-06 04:00:00,persistence,26.8,73.0,88.0,0.0
2026-10-05 22:00:00,33.74,7,2026-10-06 05:00:00,persistence,26.8,73.0,88.0,0.0
2026-10-05 22:00:00,33.74,8,2026-10-06 06:00:00,persistence,26.8,73.0,88.0,0.0
2026-10-05 22:00:00,33.74,9,2026-10-06 07:00:00,persistence,26.8,73.0,88.0,0.0
2026-10-05 22:00:00,33.74,10,2026-10-06 08:00:00,persistence,26.8,73.0,88.0,0.0
2026-10-05 22:00:00,33.74,11,2026-10-06 09:00:00,persistence,26.8,73.0,88.0,0.0
2026-10-05 22:00:00,33.74,12,2026-10-06 10:00:00,persistence,26.8,73.0,88.0,0.0
2026-10-05 22:00:00,33.74,13,2026-10-06 11:00:00,persistence,26.8,73.0,88.0,0.0
2026-10-05 22:00:00,33.74,14,2026-10-06 12:00:00,persistence,26.8,73.0,88.0,0.0
2026-10-05 22:00:00,33.74,15,2026-10-06 13:00:00,persistence,26.8,73.0,88.0,0.0
2026-10-05 22:00:00,33.74,16,2026-10-06 14:00:00,persistence,26.8,73.0,88.0,0.0
2026-10-05 22:00:00,33.74,17,2026-10-06 15:00:00,persistence,26.8,73.0,88.0,0.0
2026-10-05 22:00:00,33.74,18,2026-10-06 16:00:00,persistence,26.8,73.0,88.0,0.0
2026-10-05 22:00:00,33.74,19,2026-10-06 17:00:00,persistence,26.8,73.0,88.0,0.0
2026-10-05 22:00:00,33.74,20,2026-10-06 18:00:00,persistence,26.8,73.0,88.0,0.0
2026-10-05 22:00:00,33.74,21,2026-10-06 19:00:00,persistence,26.8,73.0,88.0,0.0
2026-10-05 22:00:00,33.74,22,2026-10-06 20:00:00,persistence,26.8,73.0,88.0,0.0
2026-10-05 22:00:00,33.74,23,2026-10-06 21:00:00,persistence,26.8,73.0,88.0,0.0
2026-10-05 22:00:00,33.74,24,2026-10-06 22:00:00,persistence,26.8,73.0,88.0,0.0
2026-10-05 22:00:00,33.75,1,2026-10-05 23:00:00,persistence,26.2,84.0,46.0,0.0
2026-10-05 22:00:00,33.75,2,2026-10-06 00:00:00,persistence,26.2,84.0,46.0,0.0
2026-10-05 22:00:00,33.75,3,2026-10-06 01:00:00,persistence,26.2,84.0,46.0,0.0
2026-10-05 22:00:00,33.75,4,2026-10-06 02:00:00,persistence,26.2,84.0,46.0,0.0
2026-10-05 22:00:00,33.75,5,2026-10-06 03:00:00,persistence,26.2,84.0,46.0,0.0
2026-10-05 22:00:00,33.75,6,2026-10-06 04:00:00,persistence,26.2,84.0,46.0,0.0
2026-10-05 22:00:00,33.75,7,2026-10-06 05:00:00,persistence,26.2,84.0,46.0,0.0
2026-10-05 22:00:00,33.75,8,2026-10-06 06:00:00,persistence,26.2,84.0,46.0,0.0
2026-10-05 22:00:00,33.75,9,2026-10-06 07:00:00,persistence,26.2,84.0,46.0,0.0
2026-10-05 22:00:00,33.75,10,2026-10-06 08:00:00,persistence,26.2,84.0,46.0,0.0
2026-10-05 22:00:00,33.75,11,2026-10-06 09:00:00,persistence,26.2,84.0,46.0,0.0
2026-10-05 22:00:00,33.75,12,2026-10-06 10:00:00,persistence,26.2,84.0,46.0,0.0
2026-10-05 22:00:00,33.75,13,2026-10-06 11:00:00,persistence,26.2,84.0,46.0,0.0
2026-10-05 22:00:00,33.75,14,2026-10-06 12:00:00,persistence,26.2,84.0,46.0,0.0
2026-10-05 22:00:00,33.75,15,2026-10-06 13:00:00,persistence,26.2,84.0,46.0,0.0
2026-10-05 22:00:00,33.75,16,2026-10-06 14:00:00,persistence,26.2,84.0,46.0,0.0
2026-10-05 22:00:00,33.75,17,2026-10-06 15:00:00,persistence,26.2,84.0,46.0,0.0
2026-10-05 22:00:00,33.75,18,2026-10-06 16:00:00,persistence,26.2,84.0,46.0,0.0
2026-10-05 22:00:00,33.75,19,2026-10-06 17:00:00,persistence,26.2,84.0,46.0,0.0
2026-10-05 22:00:00,33.75,20,2026-10-06 18:00:00,persistence,26.2,84.0,46.0,0.0
2026-10-05 22:00:00,33.75,21,2026-10-06 19:00:00,persistence,26.2,84.0,46.0,0.0
2026-10-05 22:00:00,33.75,22,2026-10-06 20:00:00,persistence,26.2,84.0,46.0,0.0
2026-10-05 22:00:00,33.75,23,2026-10-06 21:00:00,persistence,26.2,84.0,46.0,0.0
2026-10-05 22:00:00,33.75,24,2026-10-06 22:00:00,persistence,26.2,84.0,46.0,0.0
2026-10-05 22:00:00,33.76,1,2026-10-05 23:00:00,persistence,24.4,83.0,34.0,0.0
2026-10-05 22:00:00,33.76,2,2026-10-06 00:00:00,persistence,24.4,83.0,34.0,0.0
2026-10-05 22:00:00,33.76,3,2026-10-06 01:00:00,persistence,24.4,83.0,34.0,0.0
2026-10-05 22:00:00,33.76,4,2026-10-06 02:00:00,persistence,24.4,83.0,34.0,0.0
2026-10-05 22:00:00,33.76,5,2026-10-06 03:00:00,persistence,24.4,83.0,34.0,0.0
2026-10-05 22:00:00,33.76,6,2026-10-06 04:00:00,persistence,24.4,83.0,34.0,0.0
2026-10-05 22:00:00,33.76,7,2026-10-06 05:00:00,persistence,24.4,83.0,34.0,0.0
2026-10-05 22:00:00,33.76,8,2026-10-06 06:00:00,persistence,24.4,83.0,34.0,0.0
2026-10-05 22:00:00,33.76,9,2026-10-06 07:00:00,persistence,24.4,83.0,34.0,0.0
2026-10-05 22:00:00,33.76,10,2026-10-06 08:00:00,persistence,24.4,83.0,34.0,0.0
2026-10-05 22:00:00,33.76,11,2026-10-06 09:00:00,persistence,24.4,83.0,34.0,0.0
2026-10-05 22:00:00,33.76,12,2026-10-06 10:00:00,persistence,24.4,83.0,34.0,0.0
2026-10-05 22:00:00,33.76,13,2026-10-06 11:00:00,persistence,24.4,83.0,34.0,0.0
2026-10-05 22:00:00,33.76,14,2026-10-06 12:00:00,persistence,24.4,83.0,34.0,0.0
2026-10-05 22:00:00,33.76,15,2026-10-06 13:00:00,persistence,24.4,83.0,34.0,0.0
2026-10-05 22:00:00,33.76,16,2026-10-06 14:00:00,persistence,24.4,83.0,34.0,0.0
2026-10-05 22:00:00,33.76,17,2026-10-06 15:00:00,persistence,24.4,83.0,34.0,0.0
2026-10-05 22:00:00,33.76,18,2026-10-06 16:00:00,persistence,24.4,83.0,34.0,0.0
2026-10-05 22:00:00,33.76,19,2026-10-06 17:00:00,persistence,24.4,83.0,34.0,0.0
2026-10-05 22:00:00,33.76,20,2026-10-06 18:00:00,persistence,24.4,83.0,34.0,0.0
2026-10-05 22:00:00,33.76,21,2026-10-06 19:00:00,persistence,24.4,83.0,34.0,0.0
2026-10-05 22:00:00,33.76,22,2026-10-06 20:00:00,persistence,24.4,83.0,34.0,0.0
2026-10-05 22:00:00,33.76,23,2026-10-06 21:00:00,persistence,24.4,83.0,34.0,0.0
2026-10-05 22:00:00,33.76,24,2026-10-06 22:00:00,persistence,24.4,83.0,34.0,0.0
